[{"Antibiotic_Class": "aminoglycoside", "Gene": "aac(3)-IIa", "Variant": 1, "Accession": "X51534"}, {"Antibiotic_Class": "aminoglycoside", "Gene": "aac(3)-IIa", "Variant": 4, "Accession": "L22613"}, {"Antibiotic_Class": "aminoglycoside", "Gene": "aac(3)-IIa", "Variant": 6, "Accession": "CP023555"}, {"Antibiotic_Class": "aminoglycoside", "Gene": "aac(3)-IId", "Variant": 1, "Accession": "EU022314"}, {"Antibiotic_Class": "aminoglycoside", "Gene": "aac(3)-IV", "Variant": 1, "Accession": "DQ241380"}, {"Antibiotic_Class": "aminoglycoside", "Gene": "aac(3)-IVa", "Variant": 1, "Accession": "X01385"}, {"Antibiotic_Class": "aminoglycoside", "Gene": "aac(3)-Id", "Variant": 1, "Accession": "AB114632"}, {"Antibiotic_Class": "aminoglycoside", "Gene": "aac(3)-Id", "Variant": 1, "Accession": "AB114632"}, {"Antibiotic_Class": "aminoglycoside", "Gene": "aac(3)-XI", "Variant": 1, "Accession": "CTEG01000046"}, {"Antibiotic_Class": "aminoglycoside", "Gene": "aac(6')-30-aac(6')-Ib'", "Variant": 1, "Accession": "AJ584652"}, {"Antibiotic_Class": "aminoglycoside", "Gene": "aac(6')-30-aac(6')-Ib'", "Variant": 1, "Accession": "AJ584652"}, {"Antibiotic_Class": "aminoglycoside", "Gene": "aac(6')-IIc", "Variant": 1, "Accession": "NC_012555"}, {"Antibiotic_Class": "aminoglycoside", "Gene": "aac(6')-Iaa", "Variant": 1, "Accession": "NC_003197"}, {"Antibiotic_Class": "aminoglycoside", "Gene": "aac(6')-Ib-cr", "Variant": 1, "Accession": "DQ303918"}, {"Antibiotic_Class": "aminoglycoside", "Gene": "aac(6')-Ib-cr", "Variant": 2, "Accession": "EF636461"}, {"Antibiotic_Class": "aminoglycoside", "Gene": "aac(6')-Ib11", "Variant": 1, "Accession": "AY136758"}, {"Antibiotic_Class": "aminoglycoside", "Gene": "aac(6')-Ib3", "Variant": 1, "Accession": "X60321"}, {"Antibiotic_Class": "aminoglycoside", "Gene": "aac(6')-Ib", "Variant": 2, "Accession": "M23634"}, {"Antibiotic_Class": "aminoglycoside", "Gene": "aac(6')-Ic", "Variant": 1, "Accession": "M94066"}, {"Antibiotic_Class": "aminoglycoside", "Gene": "aac(6')-Ii", "Variant": 1, "Accession": "L12710"}, {"Antibiotic_Class": "aminoglycoside", "Gene": "aac(6')-Iih", "Variant": 1, "Accession": "AJ584701"}, {"Antibiotic_Class": "aminoglycoside", "Gene": "aac(6')-Im", "Variant": 1, "Accession": "AF337947"}, {"Antibiotic_Class": "aminoglycoside", "Gene": "aac(6')-Im", "Variant": 1, "Accession": "AF337947"}, {"Antibiotic_Class": "aminoglycoside", "Gene": "aac(6')-aph(2'')", "Variant": 1, "Accession": "M13771"}, {"Antibiotic_Class": "aminoglycoside", "Gene": "aac(6')Ib-cr", "Variant": 3, "Accession": "EF210035"}, {"Antibiotic_Class": "aminoglycoside", "Gene": "aadA12", "Variant": 1, "Accession": "AY665771"}, {"Antibiotic_Class": "aminoglycoside", "Gene": "aadA13", "Variant": 1, "Accession": "AY713504"}, {"Antibiotic_Class": "aminoglycoside", "Gene": "aadA15", "Variant": 1, "Accession": "DQ393783"}, {"Antibiotic_Class": "aminoglycoside", "Gene": "aadA1", "Variant": 3, "Accession": "JQ414041"}, {"Antibiotic_Class": "aminoglycoside", "Gene": "aadA1", "Variant": 4, "Accession": "JQ480156"}, {"Antibiotic_Class": "aminoglycoside", "Gene": "aadA1", "Variant": 5, "Accession": "JX185132"}, {"Antibiotic_Class": "aminoglycoside", "Gene": "aadA1b", "Variant": 1, "Accession": "M95287"}, {"Antibiotic_Class": "aminoglycoside", "Gene": "aadA22", "Variant": 1, "Accession": "AM261837"}, {"Antibiotic_Class": "aminoglycoside", "Gene": "aadA24", "Variant": 1, "Accession": "AM711129"}, {"Antibiotic_Class": "aminoglycoside", "Gene": "aadA24", "Variant": 1, "Accession": "DQ677333"}, {"Antibiotic_Class": "aminoglycoside", "Gene": "aadA2", "Variant": 1, "Accession": "NC_010870"}, {"Antibiotic_Class": "aminoglycoside", "Gene": "aadA2", "Variant": 2, "Accession": "JQ364967"}, {"Antibiotic_Class": "aminoglycoside", "Gene": "aadA2b", "Variant": 1, "Accession": "D43625"}, {"Antibiotic_Class": "aminoglycoside", "Gene": "aadA5", "Variant": 1, "Accession": "AF137361"}, {"Antibiotic_Class": "aminoglycoside", "Gene": "aadA7", "Variant": 1, "Accession": "AF224733"}, {"Antibiotic_Class": "aminoglycoside", "Gene": "aadA7", "Variant": 2, "Accession": "AB114632"}, {"Antibiotic_Class": "aminoglycoside", "Gene": "aadA7", "Variant": 2, "Accession": "AB114632"}, {"Antibiotic_Class": "aminoglycoside", "Gene": "aadA8", "Variant": 1, "Accession": "AF326210"}, {"Antibiotic_Class": "aminoglycoside", "Gene": "aadA8b", "Variant": 1, "Accession": "AY139603"}, {"Antibiotic_Class": "aminoglycoside", "Gene": "aadD", "Variant": 1, "Accession": "AF181950"}, {"Antibiotic_Class": "aminoglycoside", "Gene": "aadD", "Variant": 2, "Accession": "M19465"}, {"Antibiotic_Class": "aminoglycoside", "Gene": "ant(2'')-Ia", "Variant": 12, "Accession": "HQ880250"}, {"Antibiotic_Class": "aminoglycoside", "Gene": "ant(2'')-Ia", "Variant": 1, "Accession": "X04555"}, {"Antibiotic_Class": "aminoglycoside", "Gene": "ant(2'')-Ia", "Variant": 6, "Accession": "AJ871915"}, {"Antibiotic_Class": "aminoglycoside", "Gene": "ant(2'')-Ia", "Variant": 8, "Accession": "AY920928"}, {"Antibiotic_Class": "aminoglycoside", "Gene": "ant(2'')-Ia", "Variant": 8, "Accession": "AY920928"}, {"Antibiotic_Class": "aminoglycoside", "Gene": "ant(3'')-Ia", "Variant": 1, "Accession": "X02340"}, {"Antibiotic_Class": "aminoglycoside", "Gene": "ant(3'')-Ii-aac(6')-IId", "Variant": 1, "Accession": "AF453998"}, {"Antibiotic_Class": "aminoglycoside", "Gene": "ant(6)-Ia", "Variant": 1, "Accession": "AF330699"}, {"Antibiotic_Class": "aminoglycoside", "Gene": "ant(6)-Ia", "Variant": 1, "Accession": "AF330699"}, {"Antibiotic_Class": "aminoglycoside", "Gene": "ant(6)-Ia", "Variant": 2, "Accession": "KF421157"}, {"Antibiotic_Class": "aminoglycoside", "Gene": "ant(6)-Ia", "Variant": 3, "Accession": "KF864551"}, {"Antibiotic_Class": "aminoglycoside", "Gene": "ant(6)-Ia", "Variant": 5, "Accession": "AB247327"}, {"Antibiotic_Class": "aminoglycoside", "Gene": "ant(6)-Ia", "Variant": 5, "Accession": "AB247327"}, {"Antibiotic_Class": "aminoglycoside", "Gene": "ant(6)-Ib", "Variant": 1, "Accession": "FN594949"}, {"Antibiotic_Class": "aminoglycoside", "Gene": "ant(6)-Ib", "Variant": 1, "Accession": "FN594949"}, {"Antibiotic_Class": "aminoglycoside", "Gene": "ant(9)-Ia", "Variant": 1, "Accession": "X02588"}, {"Antibiotic_Class": "aminoglycoside", "Gene": "aph(2'')-Ia", "Variant": 2, "Accession": "AP009486"}, {"Antibiotic_Class": "aminoglycoside", "Gene": "aph(2'')-Ia", "Variant": 3, "Accession": "AJ536195"}, {"Antibiotic_Class": "aminoglycoside", "Gene": "aph(2'')-If", "Variant": 2, "Accession": "AY701528"}, {"Antibiotic_Class": "aminoglycoside", "Gene": "aph(3'')-Ib", "Variant": 1, "Accession": "M28829"}, {"Antibiotic_Class": "aminoglycoside", "Gene": "aph(3'')-Ib", "Variant": 1, "Accession": "M28829"}, {"Antibiotic_Class": "aminoglycoside", "Gene": "aph(3'')-Ib", "Variant": 2, "Accession": "AF024602"}, {"Antibiotic_Class": "aminoglycoside", "Gene": "aph(3'')-Ib", "Variant": 2, "Accession": "AF024602"}, {"Antibiotic_Class": "aminoglycoside", "Gene": "aph(3'')-Ib", "Variant": 2, "Accession": "AF024602"}, {"Antibiotic_Class": "aminoglycoside", "Gene": "aph(3'')-Ib", "Variant": 3, "Accession": "AF321550"}, {"Antibiotic_Class": "aminoglycoside", "Gene": "aph(3'')-Ib", "Variant": 4, "Accession": "AF313472"}, {"Antibiotic_Class": "aminoglycoside", "Gene": "aph(3'')-Ib", "Variant": 5, "Accession": "AF321551"}, {"Antibiotic_Class": "aminoglycoside", "Gene": "aph(3')-III", "Variant": 1, "Accession": "M26832"}, {"Antibiotic_Class": "aminoglycoside", "Gene": "aph(3')-IIIa", "Variant": 1, "Accession": "AF330699"}, {"Antibiotic_Class": "aminoglycoside", "Gene": "aph(3')-IIIa", "Variant": 1, "Accession": "AF330699"}, {"Antibiotic_Class": "aminoglycoside", "Gene": "aph(3')-IIIa", "Variant": 2, "Accession": "AJ490186"}, {"Antibiotic_Class": "aminoglycoside", "Gene": "aph(3')-IIIa", "Variant": 3, "Accession": "AB247327"}, {"Antibiotic_Class": "aminoglycoside", "Gene": "aph(3')-IIIa", "Variant": 3, "Accession": "AB247327"}, {"Antibiotic_Class": "aminoglycoside", "Gene": "aph(3')-IIa", "Variant": 2, "Accession": "V00618"}, {"Antibiotic_Class": "aminoglycoside", "Gene": "aph(3')-IIb", "Variant": 1, "Accession": "X90856"}, {"Antibiotic_Class": "aminoglycoside", "Gene": "aph(3')-IIb", "Variant": 2, "Accession": "CP006832"}, {"Antibiotic_Class": "aminoglycoside", "Gene": "aph(3')-IIc", "Variant": 1, "Accession": "AM743169"}, {"Antibiotic_Class": "aminoglycoside", "Gene": "aph(3')-Ia", "Variant": 10, "Accession": "EU855787"}, {"Antibiotic_Class": "aminoglycoside", "Gene": "aph(3')-Ia", "Variant": 10, "Accession": "EU855787"}, {"Antibiotic_Class": "aminoglycoside", "Gene": "aph(3')-Ia", "Variant": 1, "Accession": "V00359"}, {"Antibiotic_Class": "aminoglycoside", "Gene": "aph(3')-Ia", "Variant": 2, "Accession": "EU287476"}, {"Antibiotic_Class": "aminoglycoside", "Gene": "aph(3')-Ia", "Variant": 3, "Accession": "EF015636"}, {"Antibiotic_Class": "aminoglycoside", "Gene": "aph(3')-Ia", "Variant": 4, "Accession": "AF498082"}, {"Antibiotic_Class": "aminoglycoside", "Gene": "aph(3')-Ia", "Variant": 5, "Accession": "AP004237"}, {"Antibiotic_Class": "aminoglycoside", "Gene": "aph(3')-Ia", "Variant": 6, "Accession": "L05392"}, {"Antibiotic_Class": "aminoglycoside", "Gene": "aph(3')-Ia", "Variant": 7, "Accession": "X62115"}, {"Antibiotic_Class": "aminoglycoside", "Gene": "aph(3')-Ia", "Variant": 9, "Accession": "EU722351"}, {"Antibiotic_Class": "aminoglycoside", "Gene": "aph(3')-VI", "Variant": 2, "Accession": "APPJ01000012"}, {"Antibiotic_Class": "aminoglycoside", "Gene": "aph(3')-VIa", "Variant": 1, "Accession": "X07753"}, {"Antibiotic_Class": "aminoglycoside", "Gene": "aph(4)-Ia", "Variant": 1, "Accession": "V01499"}, {"Antibiotic_Class": "aminoglycoside", "Gene": "aph(6)-Id", "Variant": 1, "Accession": "M28829"}, {"Antibiotic_Class": "aminoglycoside", "Gene": "aph(6)-Id", "Variant": 1, "Accession": "M28829"}, {"Antibiotic_Class": "aminoglycoside", "Gene": "aph(6)-Id", "Variant": 3, "Accession": "AB109805"}, {"Antibiotic_Class": "aminoglycoside", "Gene": "aph(6)-Id", "Variant": 4, "Accession": "CP000971"}, {"Antibiotic_Class": "aminoglycoside", "Gene": "aph(6)-Id", "Variant": 5, "Accession": "18676889"}, {"Antibiotic_Class": "aminoglycoside", "Gene": "armA", "Variant": 1, "Accession": "AY220558"}, {"Antibiotic_Class": "aminoglycoside", "Gene": "rmtB", "Variant": 1, "Accession": "AB103506"}, {"Antibiotic_Class": "aminoglycoside", "Gene": "str", "Variant": 1, "Accession": "X92946"}, {"Antibiotic_Class": "aminoglycoside", "Gene": "str", "Variant": 1, "Accession": "X92946"}, {"Antibiotic_Class": "aminoglycoside", "Gene": "str", "Variant": 1, "Accession": "X92946"}, {"Antibiotic_Class": "aminoglycoside", "Gene": "str", "Variant": 2, "Accession": "FN435330"}, {"Antibiotic_Class": "beta-lactam", "Gene": "blaACC-3", "Variant": 1, "Accession": "AF180958"}, {"Antibiotic_Class": "beta-lactam", "Gene": "blaACI-1", "Variant": 1, "Accession": "AJ007350"}, {"Antibiotic_Class": "beta-lactam", "Gene": "blaACT-10", "Variant": 1, "Accession": "JN848330"}, {"Antibiotic_Class": "beta-lactam", "Gene": "blaACT-14", "Variant": 1, "Accession": "JX440354"}, {"Antibiotic_Class": "beta-lactam", "Gene": "blaACT-15", "Variant": 1, "Accession": "JX440356"}, {"Antibiotic_Class": "beta-lactam", "Gene": "blaACT-16", "Variant": 1, "Accession": "AB737978"}, {"Antibiotic_Class": "beta-lactam", "Gene": "blaACT-1", "Variant": 1, "Accession": "U58495"}, {"Antibiotic_Class": "beta-lactam", "Gene": "blaACT-2", "Variant": 1, "Accession": "AM076977"}, {"Antibiotic_Class": "beta-lactam", "Gene": "blaACT-4", "Variant": 2, "Accession": "AJ311172"}, {"Antibiotic_Class": "beta-lactam", "Gene": "blaACT-5", "Variant": 1, "Accession": "FJ237369"}, {"Antibiotic_Class": "beta-lactam", "Gene": "blaACT-6", "Variant": 1, "Accession": "FJ237366"}, {"Antibiotic_Class": "beta-lactam", "Gene": "blaACT-7", "Variant": 1, "Accession": "FJ237368"}, {"Antibiotic_Class": "beta-lactam", "Gene": "blaACT-9", "Variant": 1, "Accession": "HQ693810"}, {"Antibiotic_Class": "beta-lactam", "Gene": "blaADC-25", "Variant": 1, "Accession": "EF016355"}, {"Antibiotic_Class": "beta-lactam", "Gene": "blaCARB-10", "Variant": 1, "Accession": "EU850412"}, {"Antibiotic_Class": "beta-lactam", "Gene": "blaCARB-5", "Variant": 1, "Accession": "AF135373"}, {"Antibiotic_Class": "beta-lactam", "Gene": "blaCARB-8", "Variant": 1, "Accession": "AY178993"}, {"Antibiotic_Class": "beta-lactam", "Gene": "blaCFE-1", "Variant": 1, "Accession": "AB107899"}, {"Antibiotic_Class": "beta-lactam", "Gene": "blaCKO-1", "Variant": 1, "Accession": "AF477396"}, {"Antibiotic_Class": "beta-lactam", "Gene": "blaCMH-3", "Variant": 1, "Accession": "KX192165"}, {"Antibiotic_Class": "beta-lactam", "Gene": "blaCMY-41", "Variant": 1, "Accession": "AB429270"}, {"Antibiotic_Class": "beta-lactam", "Gene": "blaCMY-47", "Variant": 1, "Accession": "HM046998"}, {"Antibiotic_Class": "beta-lactam", "Gene": "blaCMY-48", "Variant": 1, "Accession": "HM569226"}, {"Antibiotic_Class": "beta-lactam", "Gene": "blaCMY-61", "Variant": 1, "Accession": "JF460795"}, {"Antibiotic_Class": "beta-lactam", "Gene": "blaCMY-65", "Variant": 1, "Accession": "JF780936"}, {"Antibiotic_Class": "beta-lactam", "Gene": "blaCTX-M-14", "Variant": 1, "Accession": "AF252622"}, {"Antibiotic_Class": "beta-lactam", "Gene": "blaCTX-M-15", "Variant": 1, "Accession": "AY044436"}, {"Antibiotic_Class": "beta-lactam", "Gene": "blaCTX-M-163", "Variant": 1, "Accession": "KP681698"}, {"Antibiotic_Class": "beta-lactam", "Gene": "blaCTX-M-181", "Variant": 1, "Accession": "KX056900"}, {"Antibiotic_Class": "beta-lactam", "Gene": "blaCTX-M-184", "Variant": 1, "Accession": "KX263247"}, {"Antibiotic_Class": "beta-lactam", "Gene": "blaCTX-M-219", "Variant": 1, "Accession": "CP019080"}, {"Antibiotic_Class": "beta-lactam", "Gene": "blaCTX-M-27", "Variant": 1, "Accession": "AY156923"}, {"Antibiotic_Class": "beta-lactam", "Gene": "blaCTX-M-28", "Variant": 6, "Accession": "AJ549244"}, {"Antibiotic_Class": "beta-lactam", "Gene": "blaCTX-M-33", "Variant": 1, "Accession": "AY238472"}, {"Antibiotic_Class": "beta-lactam", "Gene": "blaCTX-M-42", "Variant": 1, "Accession": "DQ061159"}, {"Antibiotic_Class": "beta-lactam", "Gene": "blaCTX-M-50", "Variant": 1, "Accession": "AY847146"}, {"Antibiotic_Class": "beta-lactam", "Gene": "blaCTX-M-52", "Variant": 1, "Accession": "DQ223685"}, {"Antibiotic_Class": "beta-lactam", "Gene": "blaCTX-M-55", "Variant": 1, "Accession": "DQ810789"}, {"Antibiotic_Class": "beta-lactam", "Gene": "blaCTX-M-65", "Variant": 1, "Accession": "EF418608"}, {"Antibiotic_Class": "beta-lactam", "Gene": "blaCTX-M-71", "Variant": 1, "Accession": "FJ815436"}, {"Antibiotic_Class": "beta-lactam", "Gene": "blaCTX-M-81", "Variant": 1, "Accession": "EU136031"}, {"Antibiotic_Class": "beta-lactam", "Gene": "blaCTX-M-82", "Variant": 1, "Accession": "DQ256091"}, {"Antibiotic_Class": "beta-lactam", "Gene": "blaCTX-M-83", "Variant": 1, "Accession": "FJ214366"}, {"Antibiotic_Class": "beta-lactam", "Gene": "blaCTX-M-90", "Variant": 1, "Accession": "FJ907381"}, {"Antibiotic_Class": "beta-lactam", "Gene": "blaCTX-M-93", "Variant": 1, "Accession": "HQ166709"}, {"Antibiotic_Class": "beta-lactam", "Gene": "blaCTX-M-98", "Variant": 1, "Accession": "HM755448"}, {"Antibiotic_Class": "beta-lactam", "Gene": "blaCTX-M-9", "Variant": 1, "Accession": "AF174129"}, {"Antibiotic_Class": "beta-lactam", "Gene": "blaCTX-M-9", "Variant": 1, "Accession": "AF174129"}, {"Antibiotic_Class": "beta-lactam", "Gene": "blaDHA-12", "Variant": 1, "Accession": "HG798963"}, {"Antibiotic_Class": "beta-lactam", "Gene": "blaDHA-14", "Variant": 1, "Accession": "DQ478687"}, {"Antibiotic_Class": "beta-lactam", "Gene": "blaDHA-17", "Variant": 1, "Accession": "KM087850"}, {"Antibiotic_Class": "beta-lactam", "Gene": "blaDHA-18", "Variant": 1, "Accession": "KM087841"}, {"Antibiotic_Class": "beta-lactam", "Gene": "blaDHA-19", "Variant": 1, "Accession": "KM087849"}, {"Antibiotic_Class": "beta-lactam", "Gene": "blaDHA-1", "Variant": 1, "Accession": "Y16410"}, {"Antibiotic_Class": "beta-lactam", "Gene": "blaDHA-21", "Variant": 1, "Accession": "KM087847"}, {"Antibiotic_Class": "beta-lactam", "Gene": "blaDHA-22", "Variant": 1, "Accession": "KM087856"}, {"Antibiotic_Class": "beta-lactam", "Gene": "blaDHA-23", "Variant": 1, "Accession": "KX068223"}, {"Antibiotic_Class": "beta-lactam", "Gene": "blaDHA-25", "Variant": 1, "Accession": "KY563770"}, {"Antibiotic_Class": "beta-lactam", "Gene": "blaDHA-2", "Variant": 1, "Accession": "AF259520"}, {"Antibiotic_Class": "beta-lactam", "Gene": "blaDHA-3", "Variant": 1, "Accession": "AY494945"}, {"Antibiotic_Class": "beta-lactam", "Gene": "blaDHA-4", "Variant": 1, "Accession": "CP026046"}, {"Antibiotic_Class": "beta-lactam", "Gene": "blaDHA-5", "Variant": 1, "Accession": "JF273491"}, {"Antibiotic_Class": "beta-lactam", "Gene": "blaEBR-1", "Variant": 1, "Accession": "AF416700"}, {"Antibiotic_Class": "beta-lactam", "Gene": "blaIMP-4", "Variant": 1, "Accession": "AF244145"}, {"Antibiotic_Class": "beta-lactam", "Gene": "blaKPC-14", "Variant": 1, "Accession": "JX524191"}, {"Antibiotic_Class": "beta-lactam", "Gene": "blaKPC-2", "Variant": 1, "Accession": "AY034847"}, {"Antibiotic_Class": "beta-lactam", "Gene": "blaL1", "Variant": 3, "Accession": "EF126059"}, {"Antibiotic_Class": "beta-lactam", "Gene": "blaLEN13", "Variant": 1, "Accession": "AJ635403"}, {"Antibiotic_Class": "beta-lactam", "Gene": "blaLEN21", "Variant": 1, "Accession": "AM850911"}, {"Antibiotic_Class": "beta-lactam", "Gene": "blaLEN2", "Variant": 1, "Accession": "AY037780"}, {"Antibiotic_Class": "beta-lactam", "Gene": "blaLEN3", "Variant": 1, "Accession": "AY130286"}, {"Antibiotic_Class": "beta-lactam", "Gene": "blaLEN7", "Variant": 1, "Accession": "AJ635425"}, {"Antibiotic_Class": "beta-lactam", "Gene": "blaLEN8", "Variant": 1, "Accession": "AJ635424"}, {"Antibiotic_Class": "beta-lactam", "Gene": "blaMAL-1", "Variant": 1, "Accession": "AJ277209"}, {"Antibiotic_Class": "beta-lactam", "Gene": "blaMAL-1", "Variant": 2, "Accession": "AJ609506"}, {"Antibiotic_Class": "beta-lactam", "Gene": "blaMIR-5", "Variant": 1, "Accession": "FJ237367"}, {"Antibiotic_Class": "beta-lactam", "Gene": "blaMOR-2", "Variant": 1, "Accession": "AY235804"}, {"Antibiotic_Class": "beta-lactam", "Gene": "blaMOR", "Variant": 1, "Accession": "Y10283"}, {"Antibiotic_Class": "beta-lactam", "Gene": "blaNDM-20", "Variant": 1, "Accession": "KY654092"}, {"Antibiotic_Class": "beta-lactam", "Gene": "blaNDM-5", "Variant": 1, "Accession": "JN104597"}, {"Antibiotic_Class": "beta-lactam", "Gene": "blaOKP-A-10", "Variant": 1, "Accession": "AM051149"}, {"Antibiotic_Class": "beta-lactam", "Gene": "blaOXA-10", "Variant": 1, "Accession": "J03427"}, {"Antibiotic_Class": "beta-lactam", "Gene": "blaOXA-116", "Variant": 1, "Accession": "EU220744"}, {"Antibiotic_Class": "beta-lactam", "Gene": "blaOXA-134", "Variant": 1, "Accession": "HQ122933"}, {"Antibiotic_Class": "beta-lactam", "Gene": "blaOXA-167", "Variant": 1, "Accession": "HM488988"}, {"Antibiotic_Class": "beta-lactam", "Gene": "blaOXA-1", "Variant": 1, "Accession": "HQ170510"}, {"Antibiotic_Class": "beta-lactam", "Gene": "blaOXA-209", "Variant": 1, "Accession": "JF268688"}, {"Antibiotic_Class": "beta-lactam", "Gene": "blaOXA-211", "Variant": 1, "Accession": "JN861779"}, {"Antibiotic_Class": "beta-lactam", "Gene": "blaOXA-22", "Variant": 1, "Accession": "AF064820"}, {"Antibiotic_Class": "beta-lactam", "Gene": "blaOXA-23", "Variant": 1, "Accession": "AY795964"}, {"Antibiotic_Class": "beta-lactam", "Gene": "blaOXA-309", "Variant": 1, "Accession": "HF947514"}, {"Antibiotic_Class": "beta-lactam", "Gene": "blaOXA-336", "Variant": 1, "Accession": "KF048907"}, {"Antibiotic_Class": "beta-lactam", "Gene": "blaOXA-341", "Variant": 1, "Accession": "KF048913"}, {"Antibiotic_Class": "beta-lactam", "Gene": "blaOXA-347", "Variant": 1, "Accession": "ACWG01000053"}, {"Antibiotic_Class": "beta-lactam", "Gene": "blaOXA-366", "Variant": 1, "Accession": "KP050485"}, {"Antibiotic_Class": "beta-lactam", "Gene": "blaOXA-378", "Variant": 1, "Accession": "KF986259"}, {"Antibiotic_Class": "beta-lactam", "Gene": "blaOXA-396", "Variant": 1, "Accession": "AY306134"}, {"Antibiotic_Class": "beta-lactam", "Gene": "blaOXA-398", "Variant": 1, "Accession": "KM087842"}, {"Antibiotic_Class": "beta-lactam", "Gene": "blaOXA-408", "Variant": 1, "Accession": "KJ584917"}, {"Antibiotic_Class": "beta-lactam", "Gene": "blaOXA-415", "Variant": 1, "Accession": "KJ865754"}, {"Antibiotic_Class": "beta-lactam", "Gene": "blaOXA-435", "Variant": 1, "Accession": "KP144324"}, {"Antibiotic_Class": "beta-lactam", "Gene": "blaOXA-443", "Variant": 1, "Accession": "LC030178"}, {"Antibiotic_Class": "beta-lactam", "Gene": "blaOXA-444", "Variant": 1, "Accession": "CP010800"}, {"Antibiotic_Class": "beta-lactam", "Gene": "blaOXA-451", "Variant": 1, "Accession": "KR061504"}, {"Antibiotic_Class": "beta-lactam", "Gene": "blaOXA-486", "Variant": 1, "Accession": "AY597426"}, {"Antibiotic_Class": "beta-lactam", "Gene": "blaOXA-488", "Variant": 1, "Accession": "CP017969"}, {"Antibiotic_Class": "beta-lactam", "Gene": "blaOXA-494", "Variant": 1, "Accession": "AY597430"}, {"Antibiotic_Class": "beta-lactam", "Gene": "blaOXA-497", "Variant": 1, "Accession": "LKJZ01000136"}, {"Antibiotic_Class": "beta-lactam", "Gene": "blaOXA-4", "Variant": 1, "Accession": "AY162283"}, {"Antibiotic_Class": "beta-lactam", "Gene": "blaOXA-507", "Variant": 1, "Accession": "KU551305"}, {"Antibiotic_Class": "beta-lactam", "Gene": "blaOXA-513", "Variant": 1, "Accession": "KU323972"}, {"Antibiotic_Class": "beta-lactam", "Gene": "blaOXA-534", "Variant": 1, "Accession": "KX714285"}, {"Antibiotic_Class": "beta-lactam", "Gene": "blaOXA-60", "Variant": 1, "Accession": "AF525303"}, {"Antibiotic_Class": "beta-lactam", "Gene": "blaOXA-60b", "Variant": 1, "Accession": "AY664504"}, {"Antibiotic_Class": "beta-lactam", "Gene": "blaOXA-60c", "Variant": 1, "Accession": "AY664505"}, {"Antibiotic_Class": "beta-lactam", "Gene": "blaOXA-60d", "Variant": 1, "Accession": "AY664506"}, {"Antibiotic_Class": "beta-lactam", "Gene": "blaOXA-64", "Variant": 1, "Accession": "AY750907"}, {"Antibiotic_Class": "beta-lactam", "Gene": "blaOXA-66", "Variant": 1, "Accession": "AY750909"}, {"Antibiotic_Class": "beta-lactam", "Gene": "blaOXA-75", "Variant": 1, "Accession": "AY859529"}, {"Antibiotic_Class": "beta-lactam", "Gene": "blaOXA-85", "Variant": 1, "Accession": "JANA01000064"}, {"Antibiotic_Class": "beta-lactam", "Gene": "blaOXY-1-4", "Variant": 4, "Accession": "AY077483"}, {"Antibiotic_Class": "beta-lactam", "Gene": "blaOXY-1-7", "Variant": 7, "Accession": "M27459"}, {"Antibiotic_Class": "beta-lactam", "Gene": "blaOXY-2-2", "Variant": 2, "Accession": "AJ871867"}, {"Antibiotic_Class": "beta-lactam", "Gene": "blaOXY-2-7", "Variant": 7, "Accession": "Z49084"}, {"Antibiotic_Class": "beta-lactam", "Gene": "blaPAO", "Variant": 1, "Accession": "AY083595"}, {"Antibiotic_Class": "beta-lactam", "Gene": "blaPAO", "Variant": 2, "Accession": "FJ666065"}, {"Antibiotic_Class": "beta-lactam", "Gene": "blaPAO", "Variant": 3, "Accession": "FJ666073"}, {"Antibiotic_Class": "beta-lactam", "Gene": "blaPAO", "Variant": 4, "Accession": "AY083592"}, {"Antibiotic_Class": "beta-lactam", "Gene": "blaPLA-6A", "Variant": 1, "Accession": "DQ251478"}, {"Antibiotic_Class": "beta-lactam", "Gene": "blaPLA1a", "Variant": 1, "Accession": "AY302757"}, {"Antibiotic_Class": "beta-lactam", "Gene": "blaSED1", "Variant": 1, "Accession": "AF321608"}, {"Antibiotic_Class": "beta-lactam", "Gene": "blaSHV-100", "Variant": 1, "Accession": "AM941846"}, {"Antibiotic_Class": "beta-lactam", "Gene": "blaSHV-101", "Variant": 1, "Accession": "EU155018"}, {"Antibiotic_Class": "beta-lactam", "Gene": "blaSHV-103", "Variant": 1, "Accession": "EU032604"}, {"Antibiotic_Class": "beta-lactam", "Gene": "blaSHV-104", "Variant": 1, "Accession": "EU274581"}, {"Antibiotic_Class": "beta-lactam", "Gene": "blaSHV-108", "Variant": 1, "Accession": "AM922309"}, {"Antibiotic_Class": "beta-lactam", "Gene": "blaSHV-110", "Variant": 1, "Accession": "HQ877615"}, {"Antibiotic_Class": "beta-lactam", "Gene": "blaSHV-119", "Variant": 1, "Accession": "JX192924"}, {"Antibiotic_Class": "beta-lactam", "Gene": "blaSHV-11", "Variant": 1, "Accession": "X98101"}, {"Antibiotic_Class": "beta-lactam", "Gene": "blaSHV-132", "Variant": 1, "Accession": "GU981741"}, {"Antibiotic_Class": "beta-lactam", "Gene": "blaSHV-133", "Variant": 1, "Accession": "AB551737"}, {"Antibiotic_Class": "beta-lactam", "Gene": "blaSHV-13", "Variant": 1, "Accession": "AF164577"}, {"Antibiotic_Class": "beta-lactam", "Gene": "blaSHV-142", "Variant": 1, "Accession": "JQ029959"}, {"Antibiotic_Class": "beta-lactam", "Gene": "blaSHV-143", "Variant": 1, "Accession": "JQ341060"}, {"Antibiotic_Class": "beta-lactam", "Gene": "blaSHV-144", "Variant": 1, "Accession": "JQ926986"}, {"Antibiotic_Class": "beta-lactam", "Gene": "blaSHV-145", "Variant": 1, "Accession": "JX013655"}, {"Antibiotic_Class": "beta-lactam", "Gene": "blaSHV-147", "Variant": 1, "Accession": "JX121114"}, {"Antibiotic_Class": "beta-lactam", "Gene": "blaSHV-148", "Variant": 1, "Accession": "JX121115"}, {"Antibiotic_Class": "beta-lactam", "Gene": "blaSHV-14", "Variant": 1, "Accession": "AF226622"}, {"Antibiotic_Class": "beta-lactam", "Gene": "blaSHV-150", "Variant": 1, "Accession": "JX121117"}, {"Antibiotic_Class": "beta-lactam", "Gene": "blaSHV-152", "Variant": 1, "Accession": "JX121119"}, {"Antibiotic_Class": "beta-lactam", "Gene": "blaSHV-153", "Variant": 1, "Accession": "JX121120"}, {"Antibiotic_Class": "beta-lactam", "Gene": "blaSHV-155", "Variant": 1, "Accession": "JX121122"}, {"Antibiotic_Class": "beta-lactam", "Gene": "blaSHV-158", "Variant": 1, "Accession": "JX121125"}, {"Antibiotic_Class": "beta-lactam", "Gene": "blaSHV-161", "Variant": 1, "Accession": "JX121128"}, {"Antibiotic_Class": "beta-lactam", "Gene": "blaSHV-164", "Variant": 1, "Accession": "HE981194"}, {"Antibiotic_Class": "beta-lactam", "Gene": "blaSHV-165", "Variant": 1, "Accession": "JX121131"}, {"Antibiotic_Class": "beta-lactam", "Gene": "blaSHV-172", "Variant": 1, "Accession": "KF513177"}, {"Antibiotic_Class": "beta-lactam", "Gene": "blaSHV-173", "Variant": 1, "Accession": "KF513178"}, {"Antibiotic_Class": "beta-lactam", "Gene": "blaSHV-178", "Variant": 1, "Accession": "KF705209"}, {"Antibiotic_Class": "beta-lactam", "Gene": "blaSHV-183", "Variant": 1, "Accession": "HG934764"}, {"Antibiotic_Class": "beta-lactam", "Gene": "blaSHV-185", "Variant": 1, "Accession": "KM233164"}, {"Antibiotic_Class": "beta-lactam", "Gene": "blaSHV-187", "Variant": 1, "Accession": "LN515533"}, {"Antibiotic_Class": "beta-lactam", "Gene": "blaSHV-188", "Variant": 1, "Accession": "LN515534"}, {"Antibiotic_Class": "beta-lactam", "Gene": "blaSHV-190", "Variant": 1, "Accession": "KP868753"}, {"Antibiotic_Class": "beta-lactam", "Gene": "blaSHV-191", "Variant": 1, "Accession": "KP868754"}, {"Antibiotic_Class": "beta-lactam", "Gene": "blaSHV-193", "Variant": 1, "Accession": "KR347170"}, {"Antibiotic_Class": "beta-lactam", "Gene": "blaSHV-194", "Variant": 1, "Accession": "KX421191"}, {"Antibiotic_Class": "beta-lactam", "Gene": "blaSHV-196", "Variant": 1, "Accession": "KX714286"}, {"Antibiotic_Class": "beta-lactam", "Gene": "blaSHV-199", "Variant": 1, "Accession": "MF373391"}, {"Antibiotic_Class": "beta-lactam", "Gene": "blaSHV-1", "Variant": 1, "Accession": "AF148850"}, {"Antibiotic_Class": "beta-lactam", "Gene": "blaSHV-203", "Variant": 1, "Accession": "MG028656"}, {"Antibiotic_Class": "beta-lactam", "Gene": "blaSHV-26", "Variant": 1, "Accession": "AF227204"}, {"Antibiotic_Class": "beta-lactam", "Gene": "blaSHV-27", "Variant": 1, "Accession": "AF293345"}, {"Antibiotic_Class": "beta-lactam", "Gene": "blaSHV-28", "Variant": 1, "Accession": "AF299299"}, {"Antibiotic_Class": "beta-lactam", "Gene": "blaSHV-2", "Variant": 1, "Accession": "AF148851"}, {"Antibiotic_Class": "beta-lactam", "Gene": "blaSHV-2a", "Variant": 1, "Accession": "X98102"}, {"Antibiotic_Class": "beta-lactam", "Gene": "blaSHV-31", "Variant": 1, "Accession": "AY277255"}, {"Antibiotic_Class": "beta-lactam", "Gene": "blaSHV-32", "Variant": 1, "Accession": "AY037778"}, {"Antibiotic_Class": "beta-lactam", "Gene": "blaSHV-33", "Variant": 1, "Accession": "AY037779"}, {"Antibiotic_Class": "beta-lactam", "Gene": "blaSHV-36", "Variant": 1, "Accession": "AF467947"}, {"Antibiotic_Class": "beta-lactam", "Gene": "blaSHV-40", "Variant": 1, "Accession": "AF535128"}, {"Antibiotic_Class": "beta-lactam", "Gene": "blaSHV-43", "Variant": 1, "Accession": "AY065991"}, {"Antibiotic_Class": "beta-lactam", "Gene": "blaSHV-44", "Variant": 1, "Accession": "AY259119"}, {"Antibiotic_Class": "beta-lactam", "Gene": "blaSHV-46", "Variant": 1, "Accession": "AY210887"}, {"Antibiotic_Class": "beta-lactam", "Gene": "blaSHV-48", "Variant": 1, "Accession": "AY263404"}, {"Antibiotic_Class": "beta-lactam", "Gene": "blaSHV-49", "Variant": 1, "Accession": "AY528718"}, {"Antibiotic_Class": "beta-lactam", "Gene": "blaSHV-50", "Variant": 1, "Accession": "AY288915"}, {"Antibiotic_Class": "beta-lactam", "Gene": "blaSHV-51", "Variant": 1, "Accession": "AY289548"}, {"Antibiotic_Class": "beta-lactam", "Gene": "blaSHV-56", "Variant": 1, "Accession": "EU586041"}, {"Antibiotic_Class": "beta-lactam", "Gene": "blaSHV-57", "Variant": 1, "Accession": "AY223863"}, {"Antibiotic_Class": "beta-lactam", "Gene": "blaSHV-59", "Variant": 1, "Accession": "AY790341"}, {"Antibiotic_Class": "beta-lactam", "Gene": "blaSHV-5", "Variant": 1, "Accession": "X55640"}, {"Antibiotic_Class": "beta-lactam", "Gene": "blaSHV-60", "Variant": 1, "Accession": "AB302939"}, {"Antibiotic_Class": "beta-lactam", "Gene": "blaSHV-61", "Variant": 1, "Accession": "AJ866284"}, {"Antibiotic_Class": "beta-lactam", "Gene": "blaSHV-63", "Variant": 1, "Accession": "EU342351"}, {"Antibiotic_Class": "beta-lactam", "Gene": "blaSHV-64", "Variant": 1, "Accession": "DQ174304"}, {"Antibiotic_Class": "beta-lactam", "Gene": "blaSHV-65", "Variant": 1, "Accession": "DQ174305"}, {"Antibiotic_Class": "beta-lactam", "Gene": "blaSHV-69", "Variant": 1, "Accession": "DQ174308"}, {"Antibiotic_Class": "beta-lactam", "Gene": "blaSHV-70", "Variant": 1, "Accession": "DQ013287"}, {"Antibiotic_Class": "beta-lactam", "Gene": "blaSHV-74", "Variant": 1, "Accession": "AM176549"}, {"Antibiotic_Class": "beta-lactam", "Gene": "blaSHV-75", "Variant": 1, "Accession": "AM176550"}, {"Antibiotic_Class": "beta-lactam", "Gene": "blaSHV-78", "Variant": 1, "Accession": "AM176553"}, {"Antibiotic_Class": "beta-lactam", "Gene": "blaSHV-79", "Variant": 1, "Accession": "AM176554"}, {"Antibiotic_Class": "beta-lactam", "Gene": "blaSHV-7", "Variant": 1, "Accession": "U20270"}, {"Antibiotic_Class": "beta-lactam", "Gene": "blaSHV-80", "Variant": 1, "Accession": "AM176555"}, {"Antibiotic_Class": "beta-lactam", "Gene": "blaSHV-81", "Variant": 1, "Accession": "AM176556"}, {"Antibiotic_Class": "beta-lactam", "Gene": "blaSHV-82", "Variant": 1, "Accession": "AM176557"}, {"Antibiotic_Class": "beta-lactam", "Gene": "blaSHV-85", "Variant": 1, "Accession": "DQ322460"}, {"Antibiotic_Class": "beta-lactam", "Gene": "blaSHV-89", "Variant": 1, "Accession": "DQ193536"}, {"Antibiotic_Class": "beta-lactam", "Gene": "blaSHV-8", "Variant": 1, "Accession": "U92041"}, {"Antibiotic_Class": "beta-lactam", "Gene": "blaSHV-94", "Variant": 1, "Accession": "EF373970"}, {"Antibiotic_Class": "beta-lactam", "Gene": "blaSHV-97", "Variant": 1, "Accession": "EF373973"}, {"Antibiotic_Class": "beta-lactam", "Gene": "blaSHV-98", "Variant": 1, "Accession": "AM941844"}, {"Antibiotic_Class": "beta-lactam", "Gene": "blaSHV-99", "Variant": 1, "Accession": "AM941845"}, {"Antibiotic_Class": "beta-lactam", "Gene": "blaSPU-1", "Variant": 1, "Accession": "GQ919044"}, {"Antibiotic_Class": "beta-lactam", "Gene": "blaSRT-1", "Variant": 1, "Accession": "AB008454"}, {"Antibiotic_Class": "beta-lactam", "Gene": "blaSRT-2", "Variant": 1, "Accession": "AY524276"}, {"Antibiotic_Class": "beta-lactam", "Gene": "blaSST-1", "Variant": 1, "Accession": "AB008455"}, {"Antibiotic_Class": "beta-lactam", "Gene": "blaTEM-102", "Variant": 1, "Accession": "AY040093"}, {"Antibiotic_Class": "beta-lactam", "Gene": "blaTEM-105", "Variant": 1, "Accession": "AF516720"}, {"Antibiotic_Class": "beta-lactam", "Gene": "blaTEM-106", "Variant": 1, "Accession": "AY101578"}, {"Antibiotic_Class": "beta-lactam", "Gene": "blaTEM-108", "Variant": 1, "Accession": "AF506748"}, {"Antibiotic_Class": "beta-lactam", "Gene": "blaTEM-10", "Variant": 1, "Accession": "AF093512"}, {"Antibiotic_Class": "beta-lactam", "Gene": "blaTEM-113", "Variant": 1, "Accession": "AY589494"}, {"Antibiotic_Class": "beta-lactam", "Gene": "blaTEM-116", "Variant": 1, "Accession": "AY425988"}, {"Antibiotic_Class": "beta-lactam", "Gene": "blaTEM-122", "Variant": 1, "Accession": "AY307100"}, {"Antibiotic_Class": "beta-lactam", "Gene": "blaTEM-123", "Variant": 1, "Accession": "AY327539"}, {"Antibiotic_Class": "beta-lactam", "Gene": "blaTEM-124", "Variant": 1, "Accession": "AY327540"}, {"Antibiotic_Class": "beta-lactam", "Gene": "blaTEM-126", "Variant": 1, "Accession": "AY628199"}, {"Antibiotic_Class": "beta-lactam", "Gene": "blaTEM-127", "Variant": 1, "Accession": "AY368236"}, {"Antibiotic_Class": "beta-lactam", "Gene": "blaTEM-128", "Variant": 1, "Accession": "AY368237"}, {"Antibiotic_Class": "beta-lactam", "Gene": "blaTEM-130", "Variant": 1, "Accession": "AJ866988"}, {"Antibiotic_Class": "beta-lactam", "Gene": "blaTEM-131", "Variant": 1, "Accession": "AY436361"}, {"Antibiotic_Class": "beta-lactam", "Gene": "blaTEM-135", "Variant": 1, "Accession": "GQ896333"}, {"Antibiotic_Class": "beta-lactam", "Gene": "blaTEM-136", "Variant": 1, "Accession": "AY826417"}, {"Antibiotic_Class": "beta-lactam", "Gene": "blaTEM-138", "Variant": 1, "Accession": "AY853593"}, {"Antibiotic_Class": "beta-lactam", "Gene": "blaTEM-141", "Variant": 1, "Accession": "AY956335"}, {"Antibiotic_Class": "beta-lactam", "Gene": "blaTEM-145", "Variant": 1, "Accession": "DQ105528"}, {"Antibiotic_Class": "beta-lactam", "Gene": "blaTEM-146", "Variant": 1, "Accession": "DQ105529"}, {"Antibiotic_Class": "beta-lactam", "Gene": "blaTEM-148", "Variant": 1, "Accession": "AM087454"}, {"Antibiotic_Class": "beta-lactam", "Gene": "blaTEM-153", "Variant": 1, "Accession": "KC149518"}, {"Antibiotic_Class": "beta-lactam", "Gene": "blaTEM-154", "Variant": 1, "Accession": "FJ807656"}, {"Antibiotic_Class": "beta-lactam", "Gene": "blaTEM-156", "Variant": 1, "Accession": "AM941159"}, {"Antibiotic_Class": "beta-lactam", "Gene": "blaTEM-15", "Variant": 1, "Accession": "AM849805"}, {"Antibiotic_Class": "beta-lactam", "Gene": "blaTEM-162", "Variant": 1, "Accession": "EF468463"}, {"Antibiotic_Class": "beta-lactam", "Gene": "blaTEM-164", "Variant": 1, "Accession": "EU274580"}, {"Antibiotic_Class": "beta-lactam", "Gene": "blaTEM-166", "Variant": 1, "Accession": "FJ197316"}, {"Antibiotic_Class": "beta-lactam", "Gene": "blaTEM-168", "Variant": 1, "Accession": "FJ919776"}, {"Antibiotic_Class": "beta-lactam", "Gene": "blaTEM-169", "Variant": 1, "Accession": "KP012538"}, {"Antibiotic_Class": "beta-lactam", "Gene": "blaTEM-171", "Variant": 1, "Accession": "GQ149347"}, {"Antibiotic_Class": "beta-lactam", "Gene": "blaTEM-176", "Variant": 1, "Accession": "GU550123"}, {"Antibiotic_Class": "beta-lactam", "Gene": "blaTEM-178", "Variant": 1, "Accession": "X97254"}, {"Antibiotic_Class": "beta-lactam", "Gene": "blaTEM-17", "Variant": 1, "Accession": "Y14574"}, {"Antibiotic_Class": "beta-lactam", "Gene": "blaTEM-181", "Variant": 1, "Accession": "KM977568"}, {"Antibiotic_Class": "beta-lactam", "Gene": "blaTEM-182", "Variant": 1, "Accession": "HQ317449"}, {"Antibiotic_Class": "beta-lactam", "Gene": "blaTEM-183", "Variant": 1, "Accession": "HQ529916"}, {"Antibiotic_Class": "beta-lactam", "Gene": "blaTEM-185", "Variant": 1, "Accession": "JF795538"}, {"Antibiotic_Class": "beta-lactam", "Gene": "blaTEM-186", "Variant": 1, "Accession": "JN227084"}, {"Antibiotic_Class": "beta-lactam", "Gene": "blaTEM-187", "Variant": 1, "Accession": "HM246246"}, {"Antibiotic_Class": "beta-lactam", "Gene": "blaTEM-189", "Variant": 1, "Accession": "JN254627"}, {"Antibiotic_Class": "beta-lactam", "Gene": "blaTEM-193", "Variant": 1, "Accession": "JN935135"}, {"Antibiotic_Class": "beta-lactam", "Gene": "blaTEM-194", "Variant": 1, "Accession": "JN935136"}, {"Antibiotic_Class": "beta-lactam", "Gene": "blaTEM-195", "Variant": 1, "Accession": "JN935137"}, {"Antibiotic_Class": "beta-lactam", "Gene": "blaTEM-196", "Variant": 1, "Accession": "JQ034306"}, {"Antibiotic_Class": "beta-lactam", "Gene": "blaTEM-198", "Variant": 1, "Accession": "AB700703"}, {"Antibiotic_Class": "beta-lactam", "Gene": "blaTEM-1A", "Variant": 1, "Accession": "HM749966"}, {"Antibiotic_Class": "beta-lactam", "Gene": "blaTEM-1B", "Variant": 1, "Accession": "AY458016"}, {"Antibiotic_Class": "beta-lactam", "Gene": "blaTEM-1C", "Variant": 1, "Accession": "FJ560503"}, {"Antibiotic_Class": "beta-lactam", "Gene": "blaTEM-1D", "Variant": 1, "Accession": "AF188200"}, {"Antibiotic_Class": "beta-lactam", "Gene": "blaTEM-201", "Variant": 1, "Accession": "JX310327"}, {"Antibiotic_Class": "beta-lactam", "Gene": "blaTEM-206", "Variant": 1, "Accession": "KC783461"}, {"Antibiotic_Class": "beta-lactam", "Gene": "blaTEM-207", "Variant": 1, "Accession": "KC818234"}, {"Antibiotic_Class": "beta-lactam", "Gene": "blaTEM-208", "Variant": 1, "Accession": "KC865667"}, {"Antibiotic_Class": "beta-lactam", "Gene": "blaTEM-209", "Variant": 1, "Accession": "KF240808"}, {"Antibiotic_Class": "beta-lactam", "Gene": "blaTEM-210", "Variant": 1, "Accession": "KJ484630"}, {"Antibiotic_Class": "beta-lactam", "Gene": "blaTEM-213", "Variant": 1, "Accession": "LJEE02000034"}, {"Antibiotic_Class": "beta-lactam", "Gene": "blaTEM-214", "Variant": 1, "Accession": "KP050491"}, {"Antibiotic_Class": "beta-lactam", "Gene": "blaTEM-215", "Variant": 1, "Accession": "KP050492"}, {"Antibiotic_Class": "beta-lactam", "Gene": "blaTEM-216", "Variant": 1, "Accession": "KF944358"}, {"Antibiotic_Class": "beta-lactam", "Gene": "blaTEM-217", "Variant": 1, "Accession": "HG934763"}, {"Antibiotic_Class": "beta-lactam", "Gene": "blaTEM-219", "Variant": 1, "Accession": "KM114268"}, {"Antibiotic_Class": "beta-lactam", "Gene": "blaTEM-220", "Variant": 1, "Accession": "KM998962"}, {"Antibiotic_Class": "beta-lactam", "Gene": "blaTEM-225", "Variant": 1, "Accession": "KY432403"}, {"Antibiotic_Class": "beta-lactam", "Gene": "blaTEM-229", "Variant": 1, "Accession": "MG821356"}, {"Antibiotic_Class": "beta-lactam", "Gene": "blaTEM-230", "Variant": 1, "Accession": "MG821377"}, {"Antibiotic_Class": "beta-lactam", "Gene": "blaTEM-231", "Variant": 1, "Accession": "MG821378"}, {"Antibiotic_Class": "beta-lactam", "Gene": "blaTEM-232", "Variant": 1, "Accession": "MH079593"}, {"Antibiotic_Class": "beta-lactam", "Gene": "blaTEM-233", "Variant": 1, "Accession": "MH270416"}, {"Antibiotic_Class": "beta-lactam", "Gene": "blaTEM-234", "Variant": 1, "Accession": "MH243353"}, {"Antibiotic_Class": "beta-lactam", "Gene": "blaTEM-28", "Variant": 1, "Accession": "U37195"}, {"Antibiotic_Class": "beta-lactam", "Gene": "blaTEM-29", "Variant": 1, "Accession": "DQ269440"}, {"Antibiotic_Class": "beta-lactam", "Gene": "blaTEM-2", "Variant": 1, "Accession": "X54606"}, {"Antibiotic_Class": "beta-lactam", "Gene": "blaTEM-2", "Variant": 2, "Accession": "AJ251946"}, {"Antibiotic_Class": "beta-lactam", "Gene": "blaTEM-30", "Variant": 1, "Accession": "AJ437107"}, {"Antibiotic_Class": "beta-lactam", "Gene": "blaTEM-32", "Variant": 1, "Accession": "CXLQ01000061"}, {"Antibiotic_Class": "beta-lactam", "Gene": "blaTEM-33", "Variant": 1, "Accession": "GU371926"}, {"Antibiotic_Class": "beta-lactam", "Gene": "blaTEM-34", "Variant": 1, "Accession": "KC292503"}, {"Antibiotic_Class": "beta-lactam", "Gene": "blaTEM-36", "Variant": 1, "Accession": "KY305958"}, {"Antibiotic_Class": "beta-lactam", "Gene": "blaTEM-40", "Variant": 1, "Accession": "FR717535"}, {"Antibiotic_Class": "beta-lactam", "Gene": "blaTEM-45", "Variant": 1, "Accession": "X95401"}, {"Antibiotic_Class": "beta-lactam", "Gene": "blaTEM-47", "Variant": 1, "Accession": "Y10279"}, {"Antibiotic_Class": "beta-lactam", "Gene": "blaTEM-49", "Variant": 1, "Accession": "Y10281"}, {"Antibiotic_Class": "beta-lactam", "Gene": "blaTEM-54", "Variant": 1, "Accession": "AF104442"}, {"Antibiotic_Class": "beta-lactam", "Gene": "blaTEM-55", "Variant": 1, "Accession": "DQ286729"}, {"Antibiotic_Class": "beta-lactam", "Gene": "blaTEM-57", "Variant": 1, "Accession": "FJ405211"}, {"Antibiotic_Class": "beta-lactam", "Gene": "blaTEM-67", "Variant": 1, "Accession": "AF091113"}, {"Antibiotic_Class": "beta-lactam", "Gene": "blaTEM-68", "Variant": 1, "Accession": "AJ239002"}, {"Antibiotic_Class": "beta-lactam", "Gene": "blaTEM-70", "Variant": 1, "Accession": "AF188199"}, {"Antibiotic_Class": "beta-lactam", "Gene": "blaTEM-79", "Variant": 1, "Accession": "AF190692"}, {"Antibiotic_Class": "beta-lactam", "Gene": "blaTEM-81", "Variant": 1, "Accession": "AF427127"}, {"Antibiotic_Class": "beta-lactam", "Gene": "blaTEM-82", "Variant": 1, "Accession": "AF427128"}, {"Antibiotic_Class": "beta-lactam", "Gene": "blaTEM-83", "Variant": 1, "Accession": "AF427129"}, {"Antibiotic_Class": "beta-lactam", "Gene": "blaTEM-95", "Variant": 1, "Accession": "AJ308558"}, {"Antibiotic_Class": "beta-lactam", "Gene": "blaTEM-96", "Variant": 1, "Accession": "AY092401"}, {"Antibiotic_Class": "beta-lactam", "Gene": "blaTEM-97", "Variant": 1, "Accession": "AF397067"}, {"Antibiotic_Class": "beta-lactam", "Gene": "blaTEM-99", "Variant": 1, "Accession": "AF397066"}, {"Antibiotic_Class": "beta-lactam", "Gene": "blaTER-2", "Variant": 1, "Accession": "FJ263090"}, {"Antibiotic_Class": "beta-lactam", "Gene": "blaVIM-48", "Variant": 1, "Accession": "KY362199"}, {"Antibiotic_Class": "beta-lactam", "Gene": "blaZ", "Variant": 109, "Accession": "AOAS01000022"}, {"Antibiotic_Class": "beta-lactam", "Gene": "blaZ", "Variant": 111, "Accession": "AJCN01000010"}, {"Antibiotic_Class": "beta-lactam", "Gene": "blaZ", "Variant": 112, "Accession": "AKGL01000044"}, {"Antibiotic_Class": "beta-lactam", "Gene": "blaZ", "Variant": 113, "Accession": "AHVS01000008"}, {"Antibiotic_Class": "beta-lactam", "Gene": "blaZ", "Variant": 114, "Accession": "NC_013379"}, {"Antibiotic_Class": "beta-lactam", "Gene": "blaZ", "Variant": 116, "Accession": "NC_013348"}, {"Antibiotic_Class": "beta-lactam", "Gene": "blaZ", "Variant": 117, "Accession": "ACHE01000004"}, {"Antibiotic_Class": "beta-lactam", "Gene": "blaZ", "Variant": 118, "Accession": "NC_004461"}, {"Antibiotic_Class": "beta-lactam", "Gene": "blaZ", "Variant": 119, "Accession": "NZ_CANQ01000029"}, {"Antibiotic_Class": "beta-lactam", "Gene": "blaZ", "Variant": 11, "Accession": "AJ400722"}, {"Antibiotic_Class": "beta-lactam", "Gene": "blaZ", "Variant": 123, "Accession": "NC_013653"}, {"Antibiotic_Class": "beta-lactam", "Gene": "blaZ", "Variant": 125, "Accession": "CP003194"}, {"Antibiotic_Class": "beta-lactam", "Gene": "blaZ", "Variant": 126, "Accession": "NC_013374"}, {"Antibiotic_Class": "beta-lactam", "Gene": "blaZ", "Variant": 132, "Accession": "AHVO01000010"}, {"Antibiotic_Class": "beta-lactam", "Gene": "blaZ", "Variant": 133, "Accession": "AIDT01000014"}, {"Antibiotic_Class": "beta-lactam", "Gene": "blaZ", "Variant": 138, "Accession": "CP003979"}, {"Antibiotic_Class": "beta-lactam", "Gene": "blaZ", "Variant": 13, "Accession": "KF471116"}, {"Antibiotic_Class": "beta-lactam", "Gene": "blaZ", "Variant": 14, "Accession": "JBAG01000015"}, {"Antibiotic_Class": "beta-lactam", "Gene": "blaZ", "Variant": 16, "Accession": "JBTH01000015"}, {"Antibiotic_Class": "beta-lactam", "Gene": "blaZ", "Variant": 18, "Accession": "JBQW01000016"}, {"Antibiotic_Class": "beta-lactam", "Gene": "blaZ", "Variant": 1, "Accession": "CP000704"}, {"Antibiotic_Class": "beta-lactam", "Gene": "blaZ", "Variant": 20, "Accession": "JBVX01000014"}, {"Antibiotic_Class": "beta-lactam", "Gene": "blaZ", "Variant": 21, "Accession": "JGQH01000014"}, {"Antibiotic_Class": "beta-lactam", "Gene": "blaZ", "Variant": 22, "Accession": "JCHI01000035"}, {"Antibiotic_Class": "beta-lactam", "Gene": "blaZ", "Variant": 26, "Accession": "JBJP01000007"}, {"Antibiotic_Class": "beta-lactam", "Gene": "blaZ", "Variant": 27, "Accession": "JDGZ01000043"}, {"Antibiotic_Class": "beta-lactam", "Gene": "blaZ", "Variant": 29, "Accession": "JDXN01000019"}, {"Antibiotic_Class": "beta-lactam", "Gene": "blaZ", "Variant": 2, "Accession": "CP000731"}, {"Antibiotic_Class": "beta-lactam", "Gene": "blaZ", "Variant": 31, "Accession": "JIFU01000008"}, {"Antibiotic_Class": "beta-lactam", "Gene": "blaZ", "Variant": 32, "Accession": "JINH01000005"}, {"Antibiotic_Class": "beta-lactam", "Gene": "blaZ", "Variant": 35, "Accession": "JIVZ01000012"}, {"Antibiotic_Class": "beta-lactam", "Gene": "blaZ", "Variant": 37, "Accession": "JIFD01000012"}, {"Antibiotic_Class": "beta-lactam", "Gene": "blaZ", "Variant": 3, "Accession": "CP000732"}, {"Antibiotic_Class": "beta-lactam", "Gene": "blaZ", "Variant": 40, "Accession": "NZ_AZBT01000050"}, {"Antibiotic_Class": "beta-lactam", "Gene": "blaZ", "Variant": 42, "Accession": "CCEE01000006"}, {"Antibiotic_Class": "beta-lactam", "Gene": "blaZ", "Variant": 44, "Accession": "NZ_JWJJ01000015"}, {"Antibiotic_Class": "beta-lactam", "Gene": "blaZ", "Variant": 46, "Accession": "CP010944"}, {"Antibiotic_Class": "beta-lactam", "Gene": "blaZ", "Variant": 49, "Accession": "CVLS01000543"}, {"Antibiotic_Class": "beta-lactam", "Gene": "blaZ", "Variant": 4, "Accession": "X04121"}, {"Antibiotic_Class": "beta-lactam", "Gene": "blaZ", "Variant": 50, "Accession": "KR230047"}, {"Antibiotic_Class": "beta-lactam", "Gene": "blaZ", "Variant": 52, "Accession": "NZ_JVWM01000127"}, {"Antibiotic_Class": "beta-lactam", "Gene": "blaZ", "Variant": 53, "Accession": "NZ_JUXQ01000001"}, {"Antibiotic_Class": "beta-lactam", "Gene": "blaZ", "Variant": 54, "Accession": "NZ_JVRB01000003"}, {"Antibiotic_Class": "beta-lactam", "Gene": "blaZ", "Variant": 57, "Accession": "NZ_JURP01000126"}, {"Antibiotic_Class": "beta-lactam", "Gene": "blaZ", "Variant": 59, "Accession": "NZ_JVBT01000063"}, {"Antibiotic_Class": "beta-lactam", "Gene": "blaZ", "Variant": 5, "Accession": "AJ302698"}, {"Antibiotic_Class": "beta-lactam", "Gene": "blaZ", "Variant": 60, "Accession": "NZ_JVML01000111"}, {"Antibiotic_Class": "beta-lactam", "Gene": "blaZ", "Variant": 61, "Accession": "NZ_JVAT01000021"}, {"Antibiotic_Class": "beta-lactam", "Gene": "blaZ", "Variant": 62, "Accession": "NZ_JVOH01000023"}, {"Antibiotic_Class": "beta-lactam", "Gene": "blaZ", "Variant": 63, "Accession": "NZ_JUMX01000103"}, {"Antibiotic_Class": "beta-lactam", "Gene": "blaZ", "Variant": 67, "Accession": "NZ_CTTL01000039"}, {"Antibiotic_Class": "beta-lactam", "Gene": "blaZ", "Variant": 69, "Accession": "NZ_CUHB01000033"}, {"Antibiotic_Class": "beta-lactam", "Gene": "blaZ", "Variant": 72, "Accession": "NZ_CUHG01000035"}, {"Antibiotic_Class": "beta-lactam", "Gene": "blaZ", "Variant": 74, "Accession": "CZWI01000159"}, {"Antibiotic_Class": "beta-lactam", "Gene": "blaZ", "Variant": 75, "Accession": "LNTF01000008"}, {"Antibiotic_Class": "beta-lactam", "Gene": "blaZ", "Variant": 78, "Accession": "KU607301"}, {"Antibiotic_Class": "beta-lactam", "Gene": "blaZ", "Variant": 79, "Accession": "KU607584"}, {"Antibiotic_Class": "beta-lactam", "Gene": "blaZ", "Variant": 7, "Accession": "AP004832"}, {"Antibiotic_Class": "beta-lactam", "Gene": "blaZ", "Variant": 82, "Accession": "FGSJ01000003"}, {"Antibiotic_Class": "beta-lactam", "Gene": "blaZ", "Variant": 85, "Accession": "NZ_FHDT01000016"}, {"Antibiotic_Class": "beta-lactam", "Gene": "blaZ", "Variant": 86, "Accession": "AIZE01000023"}, {"Antibiotic_Class": "beta-lactam", "Gene": "blaZ", "Variant": 87, "Accession": "NZ_LRNC01000042"}, {"Antibiotic_Class": "beta-lactam", "Gene": "blaZ", "Variant": 89, "Accession": "FKPS01000007"}, {"Antibiotic_Class": "beta-lactam", "Gene": "blaZ", "Variant": 93, "Accession": "FKQA01000038"}, {"Antibiotic_Class": "beta-lactam", "Gene": "blaZ", "Variant": 94, "Accession": "LYRW01000005"}, {"Antibiotic_Class": "beta-lactam", "Gene": "blaZ", "Variant": 95, "Accession": "MAJJ01000071"}, {"Antibiotic_Class": "beta-lactam", "Gene": "blaZ", "Variant": 98, "Accession": "LTEF01000041"}, {"Antibiotic_Class": "beta-lactam", "Gene": "cepA-44", "Variant": 1, "Accession": "U05885"}, {"Antibiotic_Class": "beta-lactam", "Gene": "cepA-49", "Variant": 1, "Accession": "U05886"}, {"Antibiotic_Class": "beta-lactam", "Gene": "cepA", "Variant": 1, "Accession": "L13472"}, {"Antibiotic_Class": "beta-lactam", "Gene": "cepA", "Variant": 1, "Accession": "U05887"}, {"Antibiotic_Class": "beta-lactam", "Gene": "cepA", "Variant": 6, "Accession": "FR688022"}, {"Antibiotic_Class": "beta-lactam", "Gene": "cfiA14", "Variant": 1, "Accession": "FM200789"}, {"Antibiotic_Class": "beta-lactam", "Gene": "cfiA1", "Variant": 1, "Accession": "AB087225"}, {"Antibiotic_Class": "beta-lactam", "Gene": "cfxA2", "Variant": 1, "Accession": "AF504914"}, {"Antibiotic_Class": "beta-lactam", "Gene": "cfxA3", "Variant": 1, "Accession": "AF472622"}, {"Antibiotic_Class": "beta-lactam", "Gene": "cfxA4", "Variant": 1, "Accession": "AY769933"}, {"Antibiotic_Class": "beta-lactam", "Gene": "cfxA5", "Variant": 1, "Accession": "AY769934"}, {"Antibiotic_Class": "beta-lactam", "Gene": "cfxA6", "Variant": 1, "Accession": "GQ342996"}, {"Antibiotic_Class": "beta-lactam", "Gene": "cfxA", "Variant": 1, "Accession": "U38243"}, {"Antibiotic_Class": "beta-lactam", "Gene": "hugA", "Variant": 1, "Accession": "AF324468"}, {"Antibiotic_Class": "beta-lactam", "Gene": "mecA", "Variant": 1, "Accession": "NC_002745"}, {"Antibiotic_Class": "beta-lactam", "Gene": "mecA", "Variant": 2, "Accession": "NC_002951"}, {"Antibiotic_Class": "beta-lactam", "Gene": "mecA", "Variant": 6, "Accession": "BX571856"}, {"Antibiotic_Class": "beta-lactam", "Gene": "mecA", "Variant": 8, "Accession": "NC_007168"}, {"Antibiotic_Class": "beta-lactam", "Gene": "mecA", "Variant": 9, "Accession": "AB505630"}, {"Antibiotic_Class": "beta-lactam", "Gene": "penA", "Variant": 1, "Accession": "AF515059"}, {"Antibiotic_Class": "colistin", "Gene": "mcr-1.15", "Variant": 1, "Accession": "MG763897"}, {"Antibiotic_Class": "colistin", "Gene": "mcr-1.1", "Variant": 1, "Accession": "KP347127"}, {"Antibiotic_Class": "colistin", "Gene": "mcr-10", "Variant": 1, "Accession": "MN179494"}, {"Antibiotic_Class": "colistin", "Gene": "mcr-3.1", "Variant": 1, "Accession": "KY924928"}, {"Antibiotic_Class": "colistin", "Gene": "mcr-4.1", "Variant": 1, "Accession": "MF543359"}, {"Antibiotic_Class": "colistin", "Gene": "mcr-4.3", "Variant": 1, "Accession": "MG026621"}, {"Antibiotic_Class": "fosfomycin", "Gene": "fosA2", "Variant": 1, "Accession": "EU487198"}, {"Antibiotic_Class": "fosfomycin", "Gene": "fosA3", "Variant": 1, "Accession": "AB522970"}, {"Antibiotic_Class": "fosfomycin", "Gene": "fosA5", "Variant": 1, "Accession": "EU195449"}, {"Antibiotic_Class": "fosfomycin", "Gene": "fosA6", "Variant": 1, "Accession": "KU254579"}, {"Antibiotic_Class": "fosfomycin", "Gene": "fosA7", "Variant": 1, "Accession": "LAPJ01000014"}, {"Antibiotic_Class": "fosfomycin", "Gene": "fosA", "Variant": 1, "Accession": "M85195"}, {"Antibiotic_Class": "fosfomycin", "Gene": "fosA", "Variant": 2, "Accession": "AGDM01000012"}, {"Antibiotic_Class": "fosfomycin", "Gene": "fosA", "Variant": 3, "Accession": "ACWO01000079"}, {"Antibiotic_Class": "fosfomycin", "Gene": "fosA", "Variant": 4, "Accession": "ACWU01000146"}, {"Antibiotic_Class": "fosfomycin", "Gene": "fosA", "Variant": 5, "Accession": "AFBO01000747"}, {"Antibiotic_Class": "fosfomycin", "Gene": "fosA", "Variant": 6, "Accession": "ACZD01000244"}, {"Antibiotic_Class": "fosfomycin", "Gene": "fosA", "Variant": 7, "Accession": "AEXB01000013"}, {"Antibiotic_Class": "fosfomycin", "Gene": "fosB4", "Variant": 1, "Accession": "KR870311"}, {"Antibiotic_Class": "fosfomycin", "Gene": "fosB", "Variant": 1, "Accession": "X54227"}, {"Antibiotic_Class": "fosfomycin", "Gene": "fosB", "Variant": 3, "Accession": "ACHE01000077"}, {"Antibiotic_Class": "fosfomycin", "Gene": "fosB", "Variant": 4, "Accession": "CP000029"}, {"Antibiotic_Class": "fosfomycin", "Gene": "fosD", "Variant": 1, "Accession": "KC989517"}, {"Antibiotic_Class": "fosfomycin", "Gene": "fosX", "Variant": 2, "Accession": "AL591981"}, {"Antibiotic_Class": "fosfomycin", "Gene": "fos", "Variant": 1, "Accession": "ACCV01000052"}, {"Antibiotic_Class": "fusidicacid", "Gene": "fusB", "Variant": 1, "Accession": "AY373761"}, {"Antibiotic_Class": "fusidicacid", "Gene": "fusC", "Variant": 1, "Accession": "KF527883"}, {"Antibiotic_Class": "glycopeptide", "Gene": "VanC4XY", "Variant": 2, "Accession": "EU151753"}, {"Antibiotic_Class": "glycopeptide", "Gene": "VanHDX", "Variant": 1, "Accession": "AF130997"}, {"Antibiotic_Class": "glycopeptide", "Gene": "VanHDX", "Variant": 7, "Accession": "AB242319"}, {"Antibiotic_Class": "glycopeptide", "Gene": "bleO", "Variant": 1, "Accession": "AF051917"}, {"Antibiotic_Class": "glycopeptide", "Gene": "vanM", "Variant": 1, "Accession": "FJ349556"}, {"Antibiotic_Class": "glycopeptide", "Gene": "vanM", "Variant": 1, "Accession": "FJ349556"}, {"Antibiotic_Class": "macrolide", "Gene": "ere(D)", "Variant": 1, "Accession": "KP265721"}, {"Antibiotic_Class": "macrolide", "Gene": "erm(30)", "Variant": 1, "Accession": "AF079138"}, {"Antibiotic_Class": "macrolide", "Gene": "erm(30)", "Variant": 1, "Accession": "AF079138"}, {"Antibiotic_Class": "macrolide", "Gene": "erm(31)", "Variant": 1, "Accession": "AF079138"}, {"Antibiotic_Class": "macrolide", "Gene": "erm(31)", "Variant": 1, "Accession": "AF079138"}, {"Antibiotic_Class": "macrolide", "Gene": "erm(33)", "Variant": 1, "Accession": "AJ579365"}, {"Antibiotic_Class": "macrolide", "Gene": "erm(33)", "Variant": 1, "Accession": "AJ579365"}, {"Antibiotic_Class": "macrolide", "Gene": "erm(35)", "Variant": 1, "Accession": "AF319779"}, {"Antibiotic_Class": "macrolide", "Gene": "erm(36)", "Variant": 1, "Accession": "AF462611"}, {"Antibiotic_Class": "macrolide", "Gene": "erm(37)", "Variant": 1, "Accession": "AL123456"}, {"Antibiotic_Class": "macrolide", "Gene": "erm(47)", "Variant": 1, "Accession": "KU612222"}, {"Antibiotic_Class": "macrolide", "Gene": "erm(50)", "Variant": 1, "Accession": "LC473083"}, {"Antibiotic_Class": "macrolide", "Gene": "erm(54)", "Variant": 1, "Accession": "OM362497"}, {"Antibiotic_Class": "macrolide", "Gene": "erm(A)", "Variant": 1, "Accession": "X03216"}, {"Antibiotic_Class": "macrolide", "Gene": "erm(A)", "Variant": 2, "Accession": "AF002716"}, {"Antibiotic_Class": "macrolide", "Gene": "erm(A)", "Variant": 3, "Accession": "EU348758"}, {"Antibiotic_Class": "macrolide", "Gene": "erm(B)", "Variant": 10, "Accession": "U86375"}, {"Antibiotic_Class": "macrolide", "Gene": "erm(B)", "Variant": 11, "Accession": "M19270"}, {"Antibiotic_Class": "macrolide", "Gene": "erm(B)", "Variant": 12, "Accession": "U18931"}, {"Antibiotic_Class": "macrolide", "Gene": "erm(B)", "Variant": 15, "Accession": "U48430"}, {"Antibiotic_Class": "macrolide", "Gene": "erm(B)", "Variant": 18, "Accession": "X66468"}, {"Antibiotic_Class": "macrolide", "Gene": "erm(B)", "Variant": 1, "Accession": "JN899585"}, {"Antibiotic_Class": "macrolide", "Gene": "erm(B)", "Variant": 20, "Accession": "AF109075"}, {"Antibiotic_Class": "macrolide", "Gene": "erm(B)", "Variant": 22, "Accession": "X52632"}, {"Antibiotic_Class": "macrolide", "Gene": "erm(B)", "Variant": 2, "Accession": "K00551"}, {"Antibiotic_Class": "macrolide", "Gene": "erm(B)", "Variant": 6, "Accession": "AF242872"}, {"Antibiotic_Class": "macrolide", "Gene": "erm(B)", "Variant": 7, "Accession": "AF368302"}, {"Antibiotic_Class": "macrolide", "Gene": "erm(B)", "Variant": 9, "Accession": "AF299292"}, {"Antibiotic_Class": "macrolide", "Gene": "erm(C)", "Variant": 10, "Accession": "Y09002"}, {"Antibiotic_Class": "macrolide", "Gene": "erm(C)", "Variant": 12, "Accession": "Y09003"}, {"Antibiotic_Class": "macrolide", "Gene": "erm(C)", "Variant": 13, "Accession": "M13761"}, {"Antibiotic_Class": "macrolide", "Gene": "erm(C)", "Variant": 1, "Accession": "V01278"}, {"Antibiotic_Class": "macrolide", "Gene": "erm(C)", "Variant": 2, "Accession": "M19652"}, {"Antibiotic_Class": "macrolide", "Gene": "erm(C)", "Variant": 3, "Accession": "M17990"}, {"Antibiotic_Class": "macrolide", "Gene": "erm(C)", "Variant": 9, "Accession": "Y09001"}, {"Antibiotic_Class": "macrolide", "Gene": "erm(F)", "Variant": 3, "Accession": "M17808"}, {"Antibiotic_Class": "macrolide", "Gene": "erm(G)", "Variant": 1, "Accession": "M15332"}, {"Antibiotic_Class": "macrolide", "Gene": "erm(T)", "Variant": 1, "Accession": "M64090"}, {"Antibiotic_Class": "macrolide", "Gene": "erm(T)", "Variant": 2, "Accession": "AY894138"}, {"Antibiotic_Class": "macrolide", "Gene": "erm(X)", "Variant": 1, "Accession": "M36726"}, {"Antibiotic_Class": "macrolide", "Gene": "erm(X)", "Variant": 2, "Accession": "X51472"}, {"Antibiotic_Class": "macrolide", "Gene": "erm(X)", "Variant": 3, "Accession": "U21300"}, {"Antibiotic_Class": "macrolide", "Gene": "erm(X)", "Variant": 4, "Accession": "NC_005206"}, {"Antibiotic_Class": "macrolide", "Gene": "lnu(A)", "Variant": 1, "Accession": "M14039"}, {"Antibiotic_Class": "macrolide", "Gene": "lnu(B)", "Variant": 1, "Accession": "AJ238249"}, {"Antibiotic_Class": "macrolide", "Gene": "lnu(B)", "Variant": 2, "Accession": "JQ861959"}, {"Antibiotic_Class": "macrolide", "Gene": "lnu(C)", "Variant": 1, "Accession": "AY928180"}, {"Antibiotic_Class": "macrolide", "Gene": "lnu(F)", "Variant": 1, "Accession": "EU118119"}, {"Antibiotic_Class": "macrolide", "Gene": "lnu(P)", "Variant": 1, "Accession": "FJ589781"}, {"Antibiotic_Class": "macrolide", "Gene": "lsa(A)", "Variant": 1, "Accession": "AY225127"}, {"Antibiotic_Class": "macrolide", "Gene": "lsa(A)", "Variant": 3, "Accession": "AY737526"}, {"Antibiotic_Class": "macrolide", "Gene": "lsa(C)", "Variant": 1, "Accession": "HM990671"}, {"Antibiotic_Class": "macrolide", "Gene": "lsa(E)", "Variant": 1, "Accession": "JX560992"}, {"Antibiotic_Class": "macrolide", "Gene": "mdt(A)", "Variant": 1, "Accession": "X92946"}, {"Antibiotic_Class": "macrolide", "Gene": "mdt(A)", "Variant": 1, "Accession": "X92946"}, {"Antibiotic_Class": "macrolide", "Gene": "mdt(A)", "Variant": 1, "Accession": "X92946"}, {"Antibiotic_Class": "macrolide", "Gene": "mef(A)", "Variant": 1, "Accession": "AJ971089"}, {"Antibiotic_Class": "macrolide", "Gene": "mef(A)", "Variant": 2, "Accession": "U83667"}, {"Antibiotic_Class": "macrolide", "Gene": "mef(A)", "Variant": 3, "Accession": "AF227520"}, {"Antibiotic_Class": "macrolide", "Gene": "mef(A)", "Variant": 3, "Accession": "AF227520"}, {"Antibiotic_Class": "macrolide", "Gene": "mef(A)", "Variant": 4, "Accession": "HG423652"}, {"Antibiotic_Class": "macrolide", "Gene": "mef(B)", "Variant": 1, "Accession": "FJ196385"}, {"Antibiotic_Class": "macrolide", "Gene": "mph(A)", "Variant": 1, "Accession": "D16251"}, {"Antibiotic_Class": "macrolide", "Gene": "mph(A)", "Variant": 2, "Accession": "U36578"}, {"Antibiotic_Class": "macrolide", "Gene": "mph(C)", "Variant": 1, "Accession": "AB013298"}, {"Antibiotic_Class": "macrolide", "Gene": "mph(C)", "Variant": 1, "Accession": "AB013298"}, {"Antibiotic_Class": "macrolide", "Gene": "mph(C)", "Variant": 2, "Accession": "AF167161"}, {"Antibiotic_Class": "macrolide", "Gene": "mph(E)", "Variant": 1, "Accession": "DQ839391"}, {"Antibiotic_Class": "macrolide", "Gene": "mre(A)", "Variant": 1, "Accession": "U92073"}, {"Antibiotic_Class": "macrolide", "Gene": "msr(A)", "Variant": 1, "Accession": "X52085"}, {"Antibiotic_Class": "macrolide", "Gene": "msr(A)", "Variant": 2, "Accession": "AB013298"}, {"Antibiotic_Class": "macrolide", "Gene": "msr(A)", "Variant": 2, "Accession": "AB013298"}, {"Antibiotic_Class": "macrolide", "Gene": "msr(C)", "Variant": 1, "Accession": "AY004350"}, {"Antibiotic_Class": "macrolide", "Gene": "msr(C)", "Variant": 2, "Accession": "AF313494"}, {"Antibiotic_Class": "macrolide", "Gene": "msr(D)", "Variant": 2, "Accession": "AF274302"}, {"Antibiotic_Class": "macrolide", "Gene": "msr(D)", "Variant": 3, "Accession": "AF227520"}, {"Antibiotic_Class": "macrolide", "Gene": "msr(D)", "Variant": 3, "Accession": "AF227520"}, {"Antibiotic_Class": "macrolide", "Gene": "msr(E)", "Variant": 1, "Accession": "FR751518"}, {"Antibiotic_Class": "macrolide", "Gene": "vat(B)", "Variant": 1, "Accession": "U19459"}, {"Antibiotic_Class": "macrolide", "Gene": "vga(A)LC", "Variant": 1, "Accession": "GQ891882"}, {"Antibiotic_Class": "macrolide", "Gene": "vga(A)LC", "Variant": 2, "Accession": "DQ823382"}, {"Antibiotic_Class": "macrolide", "Gene": "vga(A)LC", "Variant": 4, "Accession": "JQ312423"}, {"Antibiotic_Class": "macrolide", "Gene": "vga(A)", "Variant": 1, "Accession": "M90056"}, {"Antibiotic_Class": "macrolide", "Gene": "vga(A)", "Variant": 2, "Accession": "FN546261"}, {"Antibiotic_Class": "macrolide", "Gene": "vga(A)", "Variant": 3, "Accession": "JQ312422"}, {"Antibiotic_Class": "macrolide", "Gene": "vga(E)", "Variant": 1, "Accession": "FR772051"}, {"Antibiotic_Class": "misc", "Gene": "NarA", "Variant": 1, "Accession": "MN590304"}, {"Antibiotic_Class": "misc", "Gene": "NarA", "Variant": 1, "Accession": "MN590304"}, {"Antibiotic_Class": "misc", "Gene": "NarB", "Variant": 1, "Accession": "MN590304"}, {"Antibiotic_Class": "misc", "Gene": "NarB", "Variant": 1, "Accession": "MN590304"}, {"Antibiotic_Class": "nitroimidazole", "Gene": "nimE", "Variant": 1, "Accession": "AM042593"}, {"Antibiotic_Class": "nitroimidazole", "Gene": "nimI", "Variant": 1, "Accession": "FJ940883"}, {"Antibiotic_Class": "nitroimidazole", "Gene": "nimI", "Variant": 1, "Accession": "FJ940884"}, {"Antibiotic_Class": "oxazolidinone", "Gene": "optrA", "Variant": 11, "Accession": "KX620934"}, {"Antibiotic_Class": "oxazolidinone", "Gene": "optrA", "Variant": 1, "Accession": "KP399637"}, {"Antibiotic_Class": "oxazolidinone", "Gene": "poxtA", "Variant": 1, "Accession": "MF095097"}, {"Antibiotic_Class": "phenicol", "Gene": "Cfr(E)", "Variant": 1, "Accession": "NG_070225"}, {"Antibiotic_Class": "phenicol", "Gene": "cat(pC194)", "Variant": 1, "Accession": "NC_002013"}, {"Antibiotic_Class": "phenicol", "Gene": "cat(pC221)", "Variant": 1, "Accession": "X02529"}, {"Antibiotic_Class": "phenicol", "Gene": "cat(pC233)", "Variant": 1, "Accession": "AY355285"}, {"Antibiotic_Class": "phenicol", "Gene": "catA1", "Variant": 1, "Accession": "V00622"}, {"Antibiotic_Class": "phenicol", "Gene": "catA2", "Variant": 1, "Accession": "X53796"}, {"Antibiotic_Class": "phenicol", "Gene": "catB3", "Variant": 1, "Accession": "AJ009818"}, {"Antibiotic_Class": "phenicol", "Gene": "catB3", "Variant": 2, "Accession": "U13880"}, {"Antibiotic_Class": "phenicol", "Gene": "catB3", "Variant": 2, "Accession": "U13880"}, {"Antibiotic_Class": "phenicol", "Gene": "catB7", "Variant": 1, "Accession": "AF036933"}, {"Antibiotic_Class": "phenicol", "Gene": "catB8", "Variant": 1, "Accession": "AF227506"}, {"Antibiotic_Class": "phenicol", "Gene": "catP", "Variant": 1, "Accession": "U15027"}, {"Antibiotic_Class": "phenicol", "Gene": "catQ", "Variant": 1, "Accession": "M55620"}, {"Antibiotic_Class": "phenicol", "Gene": "catS", "Variant": 1, "Accession": "X74948"}, {"Antibiotic_Class": "phenicol", "Gene": "cat", "Variant": 1, "Accession": "M11587"}, {"Antibiotic_Class": "phenicol", "Gene": "cat", "Variant": 2, "Accession": "M35190"}, {"Antibiotic_Class": "phenicol", "Gene": "cat", "Variant": 5, "Accession": "U35036"}, {"Antibiotic_Class": "phenicol", "Gene": "cfr(C)", "Variant": 1, "Accession": "KX686749"}, {"Antibiotic_Class": "phenicol", "Gene": "cfr(C)", "Variant": 2, "Accession": "CANB01000378"}, {"Antibiotic_Class": "phenicol", "Gene": "cmlA1", "Variant": 1, "Accession": "M64556"}, {"Antibiotic_Class": "phenicol", "Gene": "cmlV", "Variant": 1, "Accession": "U09991"}, {"Antibiotic_Class": "phenicol", "Gene": "cml", "Variant": 1, "Accession": "M22614"}, {"Antibiotic_Class": "phenicol", "Gene": "cmx", "Variant": 1, "Accession": "U85507"}, {"Antibiotic_Class": "phenicol", "Gene": "fexA", "Variant": 1, "Accession": "AJ549214"}, {"Antibiotic_Class": "phenicol", "Gene": "floR", "Variant": 1, "Accession": "AF071555"}, {"Antibiotic_Class": "phenicol", "Gene": "floR", "Variant": 2, "Accession": "AF118107"}, {"Antibiotic_Class": "pseudomonicacid", "Gene": "mupA", "Variant": 2, "Accession": "GU237136"}, {"Antibiotic_Class": "quinolone", "Gene": "OqxA", "Variant": 1, "Accession": "EU370913"}, {"Antibiotic_Class": "quinolone", "Gene": "OqxA", "Variant": 1, "Accession": "EU370913"}, {"Antibiotic_Class": "quinolone", "Gene": "OqxB", "Variant": 1, "Accession": "EU370913"}, {"Antibiotic_Class": "quinolone", "Gene": "OqxB", "Variant": 1, "Accession": "EU370913"}, {"Antibiotic_Class": "quinolone", "Gene": "crpP", "Variant": 1, "Accession": "HM560971"}, {"Antibiotic_Class": "quinolone", "Gene": "qnrB10", "Variant": 2, "Accession": "HM439644"}, {"Antibiotic_Class": "quinolone", "Gene": "qnrB19", "Variant": 1, "Accession": "EU432277"}, {"Antibiotic_Class": "quinolone", "Gene": "qnrB1", "Variant": 1, "Accession": "DQ351241"}, {"Antibiotic_Class": "quinolone", "Gene": "qnrB27", "Variant": 1, "Accession": "HM439641"}, {"Antibiotic_Class": "quinolone", "Gene": "qnrB28", "Variant": 1, "Accession": "HM439643"}, {"Antibiotic_Class": "quinolone", "Gene": "qnrB33", "Variant": 1, "Accession": "JN173055"}, {"Antibiotic_Class": "quinolone", "Gene": "qnrB5", "Variant": 1, "Accession": "DQ303919"}, {"Antibiotic_Class": "quinolone", "Gene": "qnrB73", "Variant": 1, "Accession": "KF443075"}, {"Antibiotic_Class": "quinolone", "Gene": "qnrB81", "Variant": 1, "Accession": "KX372671"}, {"Antibiotic_Class": "quinolone", "Gene": "qnrD1", "Variant": 1, "Accession": "FJ228229"}, {"Antibiotic_Class": "quinolone", "Gene": "qnrE1", "Variant": 1, "Accession": "KY073238"}, {"Antibiotic_Class": "quinolone", "Gene": "qnrS12", "Variant": 1, "Accession": "MKQI01000097"}, {"Antibiotic_Class": "quinolone", "Gene": "qnrS1", "Variant": 1, "Accession": "AB187515"}, {"Antibiotic_Class": "quinolone", "Gene": "qnrS2", "Variant": 1, "Accession": "DQ485530"}, {"Antibiotic_Class": "quinolone", "Gene": "qnrS4", "Variant": 1, "Accession": "FJ418153"}, {"Antibiotic_Class": "rifampicin", "Gene": "ARR-2", "Variant": 1, "Accession": "HQ141279"}, {"Antibiotic_Class": "rifampicin", "Gene": "ARR-3", "Variant": 1, "Accession": "JF806499"}, {"Antibiotic_Class": "rifampicin", "Gene": "ARR-3", "Variant": 4, "Accession": "FM207631"}, {"Antibiotic_Class": "rifampicin", "Gene": "ARR-3", "Variant": 4, "Accession": "FM207631"}, {"Antibiotic_Class": "sulphonamide", "Gene": "sul1", "Variant": 10, "Accession": "DQ143913"}, {"Antibiotic_Class": "sulphonamide", "Gene": "sul1", "Variant": 10, "Accession": "DQ143913"}, {"Antibiotic_Class": "sulphonamide", "Gene": "sul1", "Variant": 15, "Accession": "EF667294"}, {"Antibiotic_Class": "sulphonamide", "Gene": "sul1", "Variant": 20, "Accession": "JF262165"}, {"Antibiotic_Class": "sulphonamide", "Gene": "sul1", "Variant": 21, "Accession": "AJ971344"}, {"Antibiotic_Class": "sulphonamide", "Gene": "sul1", "Variant": 22, "Accession": "AY115475"}, {"Antibiotic_Class": "sulphonamide", "Gene": "sul1", "Variant": 23, "Accession": "AJ621187"}, {"Antibiotic_Class": "sulphonamide", "Gene": "sul1", "Variant": 29, "Accession": "AJ746361"}, {"Antibiotic_Class": "sulphonamide", "Gene": "sul1", "Variant": 29, "Accession": "AJ746361"}, {"Antibiotic_Class": "sulphonamide", "Gene": "sul1", "Variant": 2, "Accession": "U12338"}, {"Antibiotic_Class": "sulphonamide", "Gene": "sul1", "Variant": 30, "Accession": "JF262178"}, {"Antibiotic_Class": "sulphonamide", "Gene": "sul1", "Variant": 36, "Accession": "X15024"}, {"Antibiotic_Class": "sulphonamide", "Gene": "sul1", "Variant": 37, "Accession": "AF188331"}, {"Antibiotic_Class": "sulphonamide", "Gene": "sul1", "Variant": 39, "Accession": "AY522923"}, {"Antibiotic_Class": "sulphonamide", "Gene": "sul1", "Variant": 3, "Accession": "EU855787"}, {"Antibiotic_Class": "sulphonamide", "Gene": "sul1", "Variant": 3, "Accession": "EU855787"}, {"Antibiotic_Class": "sulphonamide", "Gene": "sul1", "Variant": 5, "Accession": "EU780013"}, {"Antibiotic_Class": "sulphonamide", "Gene": "sul1", "Variant": 8, "Accession": "JN581942"}, {"Antibiotic_Class": "sulphonamide", "Gene": "sul1", "Variant": 9, "Accession": "AY963803"}, {"Antibiotic_Class": "sulphonamide", "Gene": "sul2", "Variant": 11, "Accession": "AY232670"}, {"Antibiotic_Class": "sulphonamide", "Gene": "sul2", "Variant": 12, "Accession": "AF497970"}, {"Antibiotic_Class": "sulphonamide", "Gene": "sul2", "Variant": 14, "Accession": "AJ514834"}, {"Antibiotic_Class": "sulphonamide", "Gene": "sul2", "Variant": 17, "Accession": "U57647"}, {"Antibiotic_Class": "sulphonamide", "Gene": "sul2", "Variant": 18, "Accession": "AJ830714"}, {"Antibiotic_Class": "sulphonamide", "Gene": "sul2", "Variant": 19, "Accession": "AJ319822"}, {"Antibiotic_Class": "sulphonamide", "Gene": "sul2", "Variant": 1, "Accession": "AF542061"}, {"Antibiotic_Class": "sulphonamide", "Gene": "sul2", "Variant": 2, "Accession": "AY034138"}, {"Antibiotic_Class": "sulphonamide", "Gene": "sul2", "Variant": 2, "Accession": "AY034138"}, {"Antibiotic_Class": "sulphonamide", "Gene": "sul2", "Variant": 3, "Accession": "HQ840942"}, {"Antibiotic_Class": "sulphonamide", "Gene": "sul2", "Variant": 6, "Accession": "FN995456"}, {"Antibiotic_Class": "sulphonamide", "Gene": "sul2", "Variant": 7, "Accession": "HM486907"}, {"Antibiotic_Class": "sulphonamide", "Gene": "sul2", "Variant": 8, "Accession": "AJ877041"}, {"Antibiotic_Class": "sulphonamide", "Gene": "sul2", "Variant": 9, "Accession": "FJ197818"}, {"Antibiotic_Class": "sulphonamide", "Gene": "sul3", "Variant": 2, "Accession": "AJ459418"}, {"Antibiotic_Class": "tetracycline", "Gene": "TOprJ4", "Variant": 1, "Accession": "CP091084"}, {"Antibiotic_Class": "tetracycline", "Gene": "TOprJ4", "Variant": 1, "Accession": "CP091084"}, {"Antibiotic_Class": "tetracycline", "Gene": "TOprJ4", "Variant": 1, "Accession": "CP091084"}, {"Antibiotic_Class": "tetracycline", "Gene": "tet(31)", "Variant": 1, "Accession": "GQ283908"}, {"Antibiotic_Class": "tetracycline", "Gene": "tet(32)", "Variant": 1, "Accession": "EU722333"}, {"Antibiotic_Class": "tetracycline", "Gene": "tet(32)", "Variant": 2, "Accession": "EF626943"}, {"Antibiotic_Class": "tetracycline", "Gene": "tet(33)", "Variant": 1, "Accession": "AY255627"}, {"Antibiotic_Class": "tetracycline", "Gene": "tet(33)", "Variant": 2, "Accession": "DQ390458"}, {"Antibiotic_Class": "tetracycline", "Gene": "tet(39)", "Variant": 1, "Accession": "KT346360"}, {"Antibiotic_Class": "tetracycline", "Gene": "tet(40)", "Variant": 1, "Accession": "FJ158002"}, {"Antibiotic_Class": "tetracycline", "Gene": "tet(40)", "Variant": 2, "Accession": "AM419751"}, {"Antibiotic_Class": "tetracycline", "Gene": "tet(42)", "Variant": 1, "Accession": "EU523697"}, {"Antibiotic_Class": "tetracycline", "Gene": "tet(57)", "Variant": 1, "Accession": "KP137702"}, {"Antibiotic_Class": "tetracycline", "Gene": "tet(A)", "Variant": 1, "Accession": "AJ313332"}, {"Antibiotic_Class": "tetracycline", "Gene": "tet(A)", "Variant": 2, "Accession": "X00006"}, {"Antibiotic_Class": "tetracycline", "Gene": "tet(A)", "Variant": 3, "Accession": "AY196695"}, {"Antibiotic_Class": "tetracycline", "Gene": "tet(A)", "Variant": 4, "Accession": "AJ517790"}, {"Antibiotic_Class": "tetracycline", "Gene": "tet(A)", "Variant": 6, "Accession": "AF534183"}, {"Antibiotic_Class": "tetracycline", "Gene": "tet(B)", "Variant": 1, "Accession": "AP000342"}, {"Antibiotic_Class": "tetracycline", "Gene": "tet(B)", "Variant": 2, "Accession": "AF326777"}, {"Antibiotic_Class": "tetracycline", "Gene": "tet(C)", "Variant": 2, "Accession": "AY046276"}, {"Antibiotic_Class": "tetracycline", "Gene": "tet(D)", "Variant": 1, "Accession": "AF467077"}, {"Antibiotic_Class": "tetracycline", "Gene": "tet(H)", "Variant": 1, "Accession": "Y16103"}, {"Antibiotic_Class": "tetracycline", "Gene": "tet(H)", "Variant": 2, "Accession": "AJ245947"}, {"Antibiotic_Class": "tetracycline", "Gene": "tet(J)", "Variant": 1, "Accession": "ACLE01000065"}, {"Antibiotic_Class": "tetracycline", "Gene": "tet(J)", "Variant": 2, "Accession": "AF038993"}, {"Antibiotic_Class": "tetracycline", "Gene": "tet(K)", "Variant": 1, "Accession": "U38656"}, {"Antibiotic_Class": "tetracycline", "Gene": "tet(K)", "Variant": 2, "Accession": "J01764"}, {"Antibiotic_Class": "tetracycline", "Gene": "tet(L)", "Variant": 1, "Accession": "HM235948"}, {"Antibiotic_Class": "tetracycline", "Gene": "tet(L)", "Variant": 2, "Accession": "M29725"}, {"Antibiotic_Class": "tetracycline", "Gene": "tet(L)", "Variant": 8, "Accession": "AY081910"}, {"Antibiotic_Class": "tetracycline", "Gene": "tet(M)", "Variant": 10, "Accession": "EU182585"}, {"Antibiotic_Class": "tetracycline", "Gene": "tet(M)", "Variant": 11, "Accession": "JN846696"}, {"Antibiotic_Class": "tetracycline", "Gene": "tet(M)", "Variant": 12, "Accession": "FR671418"}, {"Antibiotic_Class": "tetracycline", "Gene": "tet(M)", "Variant": 13, "Accession": "AM990992"}, {"Antibiotic_Class": "tetracycline", "Gene": "tet(M)", "Variant": 1, "Accession": "X92947"}, {"Antibiotic_Class": "tetracycline", "Gene": "tet(M)", "Variant": 2, "Accession": "X90939"}, {"Antibiotic_Class": "tetracycline", "Gene": "tet(M)", "Variant": 3, "Accession": "U08812"}, {"Antibiotic_Class": "tetracycline", "Gene": "tet(M)", "Variant": 4, "Accession": "X75073"}, {"Antibiotic_Class": "tetracycline", "Gene": "tet(M)", "Variant": 5, "Accession": "U58985"}, {"Antibiotic_Class": "tetracycline", "Gene": "tet(M)", "Variant": 6, "Accession": "M21136"}, {"Antibiotic_Class": "tetracycline", "Gene": "tet(M)", "Variant": 7, "Accession": "FN433596"}, {"Antibiotic_Class": "tetracycline", "Gene": "tet(M)", "Variant": 7, "Accession": "FN433596"}, {"Antibiotic_Class": "tetracycline", "Gene": "tet(M)", "Variant": 8, "Accession": "X04388"}, {"Antibiotic_Class": "tetracycline", "Gene": "tet(M)", "Variant": 9, "Accession": "X56353"}, {"Antibiotic_Class": "tetracycline", "Gene": "tet(O)", "Variant": 1, "Accession": "M18896"}, {"Antibiotic_Class": "tetracycline", "Gene": "tet(O)", "Variant": 2, "Accession": "M20925"}, {"Antibiotic_Class": "tetracycline", "Gene": "tet(O)", "Variant": 3, "Accession": "Y07780"}, {"Antibiotic_Class": "tetracycline", "Gene": "tet(O/32/O)", "Variant": 1, "Accession": "JQ740052"}, {"Antibiotic_Class": "tetracycline", "Gene": "tet(O/32/O)", "Variant": 2, "Accession": "AJ295238"}, {"Antibiotic_Class": "tetracycline", "Gene": "tet(O/32/O)", "Variant": 3, "Accession": "NZ_AUJS01000017"}, {"Antibiotic_Class": "tetracycline", "Gene": "tet(O/32/O)", "Variant": 4, "Accession": "AIOQ01000025"}, {"Antibiotic_Class": "tetracycline", "Gene": "tet(O/32/O)", "Variant": 5, "Accession": "FP929050"}, {"Antibiotic_Class": "tetracycline", "Gene": "tet(O/W)-1", "Variant": 1, "Accession": "AY485126"}, {"Antibiotic_Class": "tetracycline", "Gene": "tet(O/W)-2", "Variant": 1, "Accession": "AY485122"}, {"Antibiotic_Class": "tetracycline", "Gene": "tet(O/W)", "Variant": 1, "Accession": "AM889118"}, {"Antibiotic_Class": "tetracycline", "Gene": "tet(O/W)", "Variant": 2, "Accession": "AM889119"}, {"Antibiotic_Class": "tetracycline", "Gene": "tet(O/W)", "Variant": 3, "Accession": "AM889120"}, {"Antibiotic_Class": "tetracycline", "Gene": "tet(O/W)", "Variant": 4, "Accession": "AM889121"}, {"Antibiotic_Class": "tetracycline", "Gene": "tet(O/W)", "Variant": 5, "Accession": "AM889122"}, {"Antibiotic_Class": "tetracycline", "Gene": "tet(O/W/32/O)", "Variant": 1, "Accession": "EF065523"}, {"Antibiotic_Class": "tetracycline", "Gene": "tet(O/W/32/O)", "Variant": 2, "Accession": "FM164392"}, {"Antibiotic_Class": "tetracycline", "Gene": "tet(O/W/32/O)", "Variant": 5, "Accession": "JQ740053"}, {"Antibiotic_Class": "tetracycline", "Gene": "tet(O/W/O)-1", "Variant": 1, "Accession": "AY196921"}, {"Antibiotic_Class": "tetracycline", "Gene": "tet(O/W/O)-2", "Variant": 1, "Accession": "AY196920"}, {"Antibiotic_Class": "tetracycline", "Gene": "tet(Q)", "Variant": 1, "Accession": "L33696"}, {"Antibiotic_Class": "tetracycline", "Gene": "tet(Q)", "Variant": 2, "Accession": "X58717"}, {"Antibiotic_Class": "tetracycline", "Gene": "tet(Q)", "Variant": 3, "Accession": "U73497"}, {"Antibiotic_Class": "tetracycline", "Gene": "tet(Q)", "Variant": 4, "Accession": "Z21523"}, {"Antibiotic_Class": "tetracycline", "Gene": "tet(S)", "Variant": 1, "Accession": "DQ377340"}, {"Antibiotic_Class": "tetracycline", "Gene": "tet(S)", "Variant": 2, "Accession": "L09756"}, {"Antibiotic_Class": "tetracycline", "Gene": "tet(S)", "Variant": 3, "Accession": "X92946"}, {"Antibiotic_Class": "tetracycline", "Gene": "tet(S)", "Variant": 3, "Accession": "X92946"}, {"Antibiotic_Class": "tetracycline", "Gene": "tet(S)", "Variant": 3, "Accession": "X92946"}, {"Antibiotic_Class": "tetracycline", "Gene": "tet(S/M)", "Variant": 1, "Accession": "HM367711"}, {"Antibiotic_Class": "tetracycline", "Gene": "tet(S/M)", "Variant": 2, "Accession": "AY534326"}, {"Antibiotic_Class": "tetracycline", "Gene": "tet(T)", "Variant": 1, "Accession": "L42544"}, {"Antibiotic_Class": "tetracycline", "Gene": "tet(T)", "Variant": 2, "Accession": "AY660530"}, {"Antibiotic_Class": "tetracycline", "Gene": "tet(W)", "Variant": 1, "Accession": "DQ060146"}, {"Antibiotic_Class": "tetracycline", "Gene": "tet(W)", "Variant": 2, "Accession": "AY049983"}, {"Antibiotic_Class": "tetracycline", "Gene": "tet(W)", "Variant": 3, "Accession": "AJ427421"}, {"Antibiotic_Class": "tetracycline", "Gene": "tet(W)", "Variant": 4, "Accession": "FN396364"}, {"Antibiotic_Class": "tetracycline", "Gene": "tet(W)", "Variant": 5, "Accession": "AJ427422"}, {"Antibiotic_Class": "tetracycline", "Gene": "tet(W/32/O)", "Variant": 1, "Accession": "AM710601"}, {"Antibiotic_Class": "tetracycline", "Gene": "tet(W/32/O)", "Variant": 2, "Accession": "AM710602"}, {"Antibiotic_Class": "tetracycline", "Gene": "tet(W/32/O)", "Variant": 3, "Accession": "AM710603"}, {"Antibiotic_Class": "tetracycline", "Gene": "tet(X)", "Variant": 1, "Accession": "GU014535"}, {"Antibiotic_Class": "tetracycline", "Gene": "tet(X)", "Variant": 2, "Accession": "M37699"}, {"Antibiotic_Class": "tetracycline", "Gene": "tet(X4)", "Variant": 1, "Accession": "MK134376"}, {"Antibiotic_Class": "tetracycline", "Gene": "tet(X5)", "Variant": 1, "Accession": "CP040912"}, {"Antibiotic_Class": "tetracycline", "Gene": "tet(Z)", "Variant": 1, "Accession": "AF121000"}, {"Antibiotic_Class": "tetracycline", "Gene": "tetA(46)", "Variant": 1, "Accession": "HQ652506"}, {"Antibiotic_Class": "tetracycline", "Gene": "tetA(46)", "Variant": 1, "Accession": "HQ652506"}, {"Antibiotic_Class": "tetracycline", "Gene": "tetA(P)", "Variant": 1, "Accession": "AB054980"}, {"Antibiotic_Class": "tetracycline", "Gene": "tetA(P)", "Variant": 2, "Accession": "L20800"}, {"Antibiotic_Class": "tetracycline", "Gene": "tetB(46)", "Variant": 1, "Accession": "HQ652506"}, {"Antibiotic_Class": "tetracycline", "Gene": "tetB(46)", "Variant": 1, "Accession": "HQ652506"}, {"Antibiotic_Class": "tetracycline", "Gene": "tmexD2", "Variant": 1, "Accession": "MN175502"}, {"Antibiotic_Class": "tetracycline", "Gene": "tmexD2", "Variant": 1, "Accession": "MN175502"}, {"Antibiotic_Class": "tetracycline", "Gene": "tmexD2", "Variant": 1, "Accession": "MN175502"}, {"Antibiotic_Class": "tetracycline", "Gene": "tmexD3", "Variant": 1, "Accession": "LC633285"}, {"Antibiotic_Class": "tetracycline", "Gene": "tmexD3", "Variant": 1, "Accession": "LC633285"}, {"Antibiotic_Class": "tetracycline", "Gene": "tmexD3", "Variant": 1, "Accession": "LC633285"}, {"Antibiotic_Class": "tetracycline", "Gene": "tmexD4", "Variant": 1, "Accession": "CP091084"}, {"Antibiotic_Class": "tetracycline", "Gene": "tmexD4", "Variant": 1, "Accession": "CP091084"}, {"Antibiotic_Class": "tetracycline", "Gene": "tmexD4", "Variant": 1, "Accession": "CP091084"}, {"Antibiotic_Class": "trimethoprim", "Gene": "dfrA12", "Variant": 1, "Accession": "FJ763641"}, {"Antibiotic_Class": "trimethoprim", "Gene": "dfrA12", "Variant": 2, "Accession": "KJ546436"}, {"Antibiotic_Class": "trimethoprim", "Gene": "dfrA12", "Variant": 3, "Accession": "KJ568502"}, {"Antibiotic_Class": "trimethoprim", "Gene": "dfrA12", "Variant": 4, "Accession": "EU650399"}, {"Antibiotic_Class": "trimethoprim", "Gene": "dfrA12", "Variant": 5, "Accession": "FR875302"}, {"Antibiotic_Class": "trimethoprim", "Gene": "dfrA12", "Variant": 6, "Accession": "AY551331"}, {"Antibiotic_Class": "trimethoprim", "Gene": "dfrA12", "Variant": 7, "Accession": "AB196348"}, {"Antibiotic_Class": "trimethoprim", "Gene": "dfrA12", "Variant": 8, "Accession": "AM040708"}, {"Antibiotic_Class": "trimethoprim", "Gene": "dfrA12", "Variant": 8, "Accession": "AM040708"}, {"Antibiotic_Class": "trimethoprim", "Gene": "dfrA14", "Variant": 1, "Accession": "KF921535"}, {"Antibiotic_Class": "trimethoprim", "Gene": "dfrA14", "Variant": 2, "Accession": "Z50805"}, {"Antibiotic_Class": "trimethoprim", "Gene": "dfrA14", "Variant": 4, "Accession": "AF393510"}, {"Antibiotic_Class": "trimethoprim", "Gene": "dfrA14", "Variant": 5, "Accession": "DQ388123"}, {"Antibiotic_Class": "trimethoprim", "Gene": "dfrA15", "Variant": 2, "Accession": "AF221900"}, {"Antibiotic_Class": "trimethoprim", "Gene": "dfrA16", "Variant": 1, "Accession": "AF077008"}, {"Antibiotic_Class": "trimethoprim", "Gene": "dfrA17", "Variant": 1, "Accession": "FJ460238"}, {"Antibiotic_Class": "trimethoprim", "Gene": "dfrA17", "Variant": 2, "Accession": "JN645879"}, {"Antibiotic_Class": "trimethoprim", "Gene": "dfrA17", "Variant": 4, "Accession": "JQ837988"}, {"Antibiotic_Class": "trimethoprim", "Gene": "dfrA1", "Variant": 10, "Accession": "AF203818"}, {"Antibiotic_Class": "trimethoprim", "Gene": "dfrA1", "Variant": 1, "Accession": "FJ591049"}, {"Antibiotic_Class": "trimethoprim", "Gene": "dfrA1", "Variant": 2, "Accession": "HM055363"}, {"Antibiotic_Class": "trimethoprim", "Gene": "dfrA1", "Variant": 3, "Accession": "GU726913"}, {"Antibiotic_Class": "trimethoprim", "Gene": "dfrA1", "Variant": 4, "Accession": "AB188271"}, {"Antibiotic_Class": "trimethoprim", "Gene": "dfrA1", "Variant": 5, "Accession": "EU089668"}, {"Antibiotic_Class": "trimethoprim", "Gene": "dfrA1", "Variant": 8, "Accession": "X00926"}, {"Antibiotic_Class": "trimethoprim", "Gene": "dfrA1", "Variant": 9, "Accession": "AJ238350"}, {"Antibiotic_Class": "trimethoprim", "Gene": "dfrA5", "Variant": 1, "Accession": "X12868"}, {"Antibiotic_Class": "trimethoprim", "Gene": "dfrA7", "Variant": 1, "Accession": "AB161450"}, {"Antibiotic_Class": "trimethoprim", "Gene": "dfrA7", "Variant": 5, "Accession": "AJ419170"}, {"Antibiotic_Class": "trimethoprim", "Gene": "dfrA8", "Variant": 1, "Accession": "U10186"}, {"Antibiotic_Class": "trimethoprim", "Gene": "dfrG", "Variant": 1, "Accession": "AB205645"}]